code,target,sigprice,gentime,usertag
DCE.c.HOT,5,2480,20210831210500000,
DCE.cs.HOT,-4,2828,20210831210500000,
DCE.m.HOT,5,3507,20210831210500000,
DCE.y.HOT,5,9082,20210831210500000,
DCE.cs.HOT,-5,2828,20210831211000000,
DCE.cs.HOT,-4,2833,20210831211500000,
DCE.y.HOT,4,9052,20210831212000000,
DCE.cs.HOT,-5,2832,20210831212500000,
DCE.y.HOT,5,9068,20210831212500000,
DCE.c.HOT,4,2476,20210831213000000,
DCE.c.HOT,5,2476,20210831213500000,
DCE.cs.HOT,-4,2832,20210831213500000,
DCE.c.HOT,4,2475,20210831214000000,
DCE.cs.HOT,-5,2832,20210831214000000,
DCE.c.HOT,5,2474,20210831214500000,
DCE.y.HOT,4,8990,20210831221500000,
DCE.m.HOT,4,3491,20210831222000000,
DCE.y.HOT,5,8986,20210831222000000,
DCE.m.HOT,5,3489,20210831223000000,
DCE.c.HOT,4,2476,20210831230000000,
DCE.c.HOT,5,2475,20210901090500000,
DCE.m.HOT,4,3489,20210901091500000,
DCE.m.HOT,5,3488,20210901092000000,
DCE.y.HOT,4,8968,20210901092500000,
DCE.y.HOT,5,8956,20210901093000000,
DCE.c.HOT,4,2479,20210901095000000,
DCE.c.HOT,5,2478,20210901100000000,
DCE.y.HOT,4,8962,20210901100000000,
DCE.c.HOT,4,2477,20210901100500000,
DCE.y.HOT,5,8966,20210901100500000,
DCE.c.HOT,5,2477,20210901101000000,
DCE.c.HOT,4,2476,20210901101500000,
DCE.c.HOT,5,2472,20210901103500000,
DCE.cs.HOT,-4,2857,20210901103500000,
DCE.m.HOT,4,3489,20210901103500000,
DCE.cs.HOT,-5,2860,20210901104000000,
DCE.m.HOT,5,3487,20210901104000000,
DCE.cs.HOT,-4,2861,20210901105000000,
DCE.c.HOT,4,2474,20210901105500000,
DCE.cs.HOT,-5,2860,20210901105500000,
DCE.c.HOT,5,2474,20210901110500000,
DCE.cs.HOT,-4,2860,20210901110500000,
DCE.y.HOT,4,8986,20210901110500000,
DCE.cs.HOT,-5,2861,20210901111000000,
DCE.y.HOT,5,8956,20210901111000000,
DCE.y.HOT,4,8962,20210901111500000,
DCE.c.HOT,4,2477,20210901112000000,
DCE.y.HOT,5,8966,20210901112000000,
DCE.c.HOT,5,2476,20210901112500000,
DCE.cs.HOT,-4,2861,20210901112500000,
DCE.cs.HOT,-5,2860,20210901113000000,
DCE.m.HOT,4,3496,20210901134000000,
DCE.c.HOT,4,2472,20210901134500000,
DCE.m.HOT,5,3495,20210901134500000,
DCE.c.HOT,5,2466,20210901135000000,
DCE.cs.HOT,-4,2853,20210901135500000,
DCE.y.HOT,4,8964,20210901135500000,
DCE.cs.HOT,-5,2853,20210901140000000,
DCE.m.HOT,4,3493,20210901140000000,
DCE.y.HOT,5,8958,20210901140000000,
DCE.m.HOT,5,3494,20210901140500000,
DCE.cs.HOT,-4,2852,20210901141000000,
DCE.cs.HOT,-5,2855,20210901141500000,
DCE.m.HOT,4,3494,20210901143000000,
DCE.m.HOT,5,3492,20210901143500000,
DCE.c.HOT,4,2466,20210901144500000,
DCE.c.HOT,5,2464,20210901145500000,
DCE.c.HOT,4,2463,20210901150000000,
DCE.c.HOT,5,2470,20210901210500000,
DCE.cs.HOT,-4,2880,20210901210500000,
DCE.cs.HOT,-5,2873,20210901211000000,
DCE.m.HOT,4,3487,20210901213000000,
DCE.c.HOT,3,2467,20210901213500000,
DCE.m.HOT,5,3484,20210901213500000,
DCE.c.HOT,5,2469,20210901214000000,
DCE.m.HOT,4,3478,20210901220000000,
DCE.m.HOT,5,3482,20210901221000000,
DCE.y.HOT,4,8898,20210901222500000,
DCE.cs.HOT,-4,2882,20210901223000000,
DCE.y.HOT,5,8920,20210901223000000,
DCE.cs.HOT,-5,2883,20210901223500000,
DCE.m.HOT,4,3484,20210901223500000,
DCE.c.HOT,4,2469,20210901224000000,
DCE.m.HOT,5,3486,20210901224000000,
DCE.y.HOT,4,8904,20210901224000000,
DCE.c.HOT,5,2470,20210901224500000,
DCE.y.HOT,5,8902,20210901224500000,
DCE.m.HOT,4,3481,20210901225000000,
DCE.m.HOT,5,3477,20210901225500000,
DCE.y.HOT,4,8896,20210901225500000,
DCE.c.HOT,4,2468,20210901230000000,
DCE.y.HOT,5,8890,20210901230000000,
DCE.c.HOT,5,2465,20210902090500000,
DCE.y.HOT,4,8864,20210902091500000,
DCE.y.HOT,5,8854,20210902092000000,
DCE.cs.HOT,-4,2868,20210902094500000,
DCE.cs.HOT,-5,2869,20210902095000000,
DCE.cs.HOT,-4,2880,20210902101000000,
DCE.cs.HOT,-5,2880,20210902101500000,
DCE.y.HOT,4,8908,20210902103500000,
DCE.y.HOT,5,8906,20210902104000000,
DCE.c.HOT,4,2467,20210902105000000,
DCE.c.HOT,5,2467,20210902105500000,
DCE.cs.HOT,-4,2884,20210902111500000,
DCE.cs.HOT,-5,2888,20210902112000000,
DCE.y.HOT,4,8918,20210902112000000,
DCE.y.HOT,5,8918,20210902112500000,
DCE.c.HOT,4,2484,20210902133500000,
DCE.c.HOT,5,2488,20210902134000000,
DCE.y.HOT,4,8934,20210902135500000,
DCE.y.HOT,5,8944,20210902140000000,
DCE.c.HOT,4,2494,20210902140500000,
DCE.c.HOT,5,2496,20210902141000000,
DCE.y.HOT,4,8940,20210902141500000,
DCE.y.HOT,5,8956,20210902142000000,
DCE.cs.HOT,-4,2910,20210902142500000,
DCE.m.HOT,4,3514,20210902142500000,
DCE.cs.HOT,-5,2905,20210902143000000,
DCE.m.HOT,5,3517,20210902143000000,
DCE.c.HOT,4,2497,20210902145500000,
DCE.m.HOT,4,3501,20210902145500000,
DCE.y.HOT,4,8930,20210902145500000,
DCE.c.HOT,5,2495,20210902150000000,
DCE.cs.HOT,-4,2909,20210902150000000,
DCE.m.HOT,5,3504,20210902150000000,
DCE.y.HOT,5,8910,20210902150000000,
DCE.cs.HOT,-5,2898,20210902210500000,
DCE.m.HOT,4,3506,20210902211000000,
DCE.m.HOT,5,3504,20210902211500000,
DCE.cs.HOT,-4,2897,20210902212000000,
DCE.cs.HOT,-5,2897,20210902212500000,
DCE.m.HOT,4,3509,20210902213000000,
DCE.m.HOT,5,3509,20210902213500000,
DCE.y.HOT,4,8942,20210902213500000,
DCE.y.HOT,5,8928,20210902214000000,
DCE.y.HOT,4,8934,20210902214500000,
DCE.m.HOT,4,3501,20210902215500000,
DCE.y.HOT,5,8934,20210902215500000,
DCE.cs.HOT,-4,2905,20210902220000000,
DCE.m.HOT,5,3501,20210902220000000,
DCE.cs.HOT,-5,2902,20210902220500000,
DCE.m.HOT,4,3499,20210902220500000,
DCE.c.HOT,4,2494,20210902221000000,
DCE.m.HOT,5,3503,20210902221000000,
DCE.y.HOT,4,8946,20210902221000000,
DCE.c.HOT,5,2493,20210902221500000,
DCE.y.HOT,5,8956,20210902221500000,
DCE.m.HOT,4,3505,20210902222000000,
DCE.cs.HOT,-4,2903,20210902222500000,
DCE.m.HOT,5,3503,20210902222500000,
DCE.cs.HOT,-5,2902,20210902223000000,
DCE.cs.HOT,-4,2900,20210902225000000,
DCE.c.HOT,4,2493,20210902225500000,
DCE.c.HOT,5,2496,20210902230000000,
DCE.cs.HOT,-5,2904,20210902230000000,
DCE.m.HOT,4,3497,20210903090500000,
DCE.cs.HOT,-4,2901,20210903091000000,
DCE.m.HOT,5,3500,20210903091000000,
DCE.cs.HOT,-5,2901,20210903091500000,
DCE.y.HOT,4,8932,20210903092500000,
DCE.y.HOT,5,8934,20210903093000000,
DCE.cs.HOT,-4,2899,20210903093500000,
DCE.cs.HOT,-5,2896,20210903094000000,
DCE.cs.HOT,-4,2900,20210903100500000,
DCE.cs.HOT,-5,2901,20210903101000000,
DCE.m.HOT,4,3493,20210903103500000,
DCE.c.HOT,4,2493,20210903104000000,
DCE.y.HOT,4,9098,20210903104000000,
DCE.cs.HOT,-4,2900,20210903104500000,
DCE.m.HOT,5,3488,20210903104500000,
DCE.y.HOT,5,9100,20210903104500000,
DCE.c.HOT,5,2491,20210903105000000,
DCE.cs.HOT,-5,2901,20210903105000000,
DCE.c.HOT,4,2489,20210903110000000,
DCE.c.HOT,5,2489,20210903110500000,
DCE.y.HOT,4,9134,20210903112000000,
DCE.y.HOT,5,9130,20210903112500000,
DCE.y.HOT,4,9138,20210903113000000,
DCE.y.HOT,5,9158,20210903133500000,
DCE.c.HOT,4,2490,20210903134000000,
DCE.c.HOT,5,2493,20210903134500000,
DCE.y.HOT,4,9168,20210903134500000,
DCE.y.HOT,5,9174,20210903135000000,
DCE.cs.HOT,-4,2906,20210903135500000,
DCE.cs.HOT,-5,2905,20210903140000000,
DCE.y.HOT,4,9182,20210903140000000,
DCE.y.HOT,5,9188,20210903140500000,
DCE.cs.HOT,-4,2904,20210903141500000,
DCE.m.HOT,4,3492,20210903141500000,
DCE.cs.HOT,-5,2904,20210903142000000,
DCE.m.HOT,5,3488,20210903142000000,
DCE.c.HOT,4,2492,20210903142500000,
DCE.y.HOT,4,9182,20210903142500000,
DCE.c.HOT,5,2490,20210903143000000,
DCE.y.HOT,5,9168,20210903143500000,
DCE.cs.HOT,-4,2903,20210903144500000,
DCE.cs.HOT,-5,2902,20210903145000000,
DCE.y.HOT,4,9136,20210903145000000,
DCE.c.HOT,4,2492,20210903145500000,
DCE.y.HOT,5,9124,20210903145500000,
DCE.c.HOT,5,2491,20210903150000000,
DCE.y.HOT,4,9152,20210903150000000,
DCE.y.HOT,5,9150,20210903210500000,
DCE.m.HOT,4,3491,20210903211500000,
DCE.m.HOT,5,3490,20210903213000000,
DCE.m.HOT,4,3485,20210903213500000,
DCE.m.HOT,5,3486,20210903214000000,
DCE.y.HOT,4,9190,20210903214000000,
DCE.y.HOT,5,9188,20210903215000000,
DCE.c.HOT,4,2481,20210903220000000,
DCE.m.HOT,4,3482,20210903220000000,
DCE.c.HOT,5,2478,20210903220500000,
DCE.m.HOT,5,3482,20210903220500000,
DCE.cs.HOT,-4,2882,20210903221000000,
DCE.cs.HOT,-5,2883,20210903221500000,
DCE.c.HOT,4,2480,20210903222000000,
DCE.cs.HOT,-4,2883,20210903222000000,
DCE.c.HOT,5,2479,20210903222500000,
DCE.cs.HOT,-5,2886,20210903222500000,
DCE.m.HOT,4,3474,20210903223000000,
DCE.cs.HOT,-4,2886,20210903223500000,
DCE.m.HOT,5,3478,20210903223500000,
DCE.c.HOT,4,2477,20210903224000000,
DCE.cs.HOT,-5,2885,20210903224000000,
DCE.c.HOT,5,2476,20210903224500000,
DCE.y.HOT,4,9140,20210903225000000,
DCE.m.HOT,4,3475,20210903225500000,
DCE.y.HOT,5,9122,20210903225500000,
DCE.cs.HOT,-4,2882,20210903230000000,
DCE.m.HOT,5,3474,20210903230000000,
DCE.cs.HOT,-5,2874,20210906090500000,
DCE.y.HOT,4,9132,20210906093000000,
DCE.y.HOT,5,9116,20210906094000000,
DCE.m.HOT,4,3467,20210906095500000,
DCE.m.HOT,5,3465,20210906100000000,
DCE.y.HOT,4,9112,20210906100000000,
DCE.y.HOT,5,9114,20210906100500000,
DCE.cs.HOT,-4,2882,20210906101000000,
DCE.y.HOT,4,9108,20210906101000000,
DCE.y.HOT,5,9116,20210906101500000,
DCE.cs.HOT,-5,2877,20210906103500000,
DCE.m.HOT,4,3470,20210906110500000,
DCE.m.HOT,5,3469,20210906111000000,
DCE.cs.HOT,-4,2874,20210906133500000,
DCE.cs.HOT,-5,2874,20210906134000000,
DCE.cs.HOT,-4,2871,20210906135000000,
DCE.cs.HOT,-5,2871,20210906135500000,
DCE.m.HOT,4,3486,20210906135500000,
DCE.m.HOT,5,3486,20210906140000000,
DCE.y.HOT,4,9170,20210906142000000,
DCE.y.HOT,5,9194,20210906142500000,
DCE.m.HOT,4,3484,20210906144000000,
DCE.m.HOT,5,3484,20210906145000000,
DCE.c.HOT,4,2462,20210906145500000,
DCE.cs.HOT,-4,2871,20210906145500000,
DCE.c.HOT,5,2461,20210906150000000,
DCE.cs.HOT,-5,2866,20210906150000000,
DCE.cs.HOT,-4,2875,20210906211000000,
DCE.cs.HOT,-5,2878,20210906211500000,
DCE.cs.HOT,-4,2879,20210906212500000,
DCE.cs.HOT,-5,2880,20210906213000000,
DCE.c.HOT,4,2466,20210906213500000,
DCE.c.HOT,5,2464,20210906214000000,
DCE.m.HOT,4,3486,20210906214500000,
DCE.c.HOT,4,2467,20210906215000000,
DCE.y.HOT,4,9170,20210906215000000,
DCE.c.HOT,5,2465,20210906215500000,
DCE.cs.HOT,-4,2884,20210906215500000,
DCE.m.HOT,5,3488,20210906215500000,
DCE.y.HOT,5,9230,20210906215500000,
DCE.c.HOT,4,2462,20210906220000000,
DCE.cs.HOT,-5,2884,20210906220000000,
DCE.m.HOT,4,3488,20210906220000000,
DCE.m.HOT,5,3490,20210906220500000,
DCE.y.HOT,4,9212,20210906220500000,
DCE.c.HOT,5,2463,20210906221000000,
DCE.y.HOT,5,9192,20210906221000000,
DCE.m.HOT,4,3502,20210906222500000,
DCE.m.HOT,5,3503,20210906223000000,
DCE.c.HOT,4,2460,20210906224000000,
DCE.c.HOT,5,2462,20210906224500000,
DCE.cs.HOT,-4,2889,20210906224500000,
DCE.cs.HOT,-5,2887,20210906225000000,
DCE.c.HOT,4,2460,20210906225500000,
DCE.cs.HOT,-4,2886,20210906225500000,
DCE.c.HOT,5,2459,20210906230000000,
DCE.cs.HOT,-5,2885,20210906230000000,
DCE.c.HOT,4,2463,20210907090500000,
DCE.y.HOT,4,9158,20210907090500000,
DCE.c.HOT,5,2461,20210907091000000,
DCE.cs.HOT,-4,2881,20210907091000000,
DCE.m.HOT,4,3483,20210907091000000,
DCE.y.HOT,5,9138,20210907091000000,
DCE.cs.HOT,-5,2883,20210907091500000,
DCE.m.HOT,5,3488,20210907091500000,
DCE.cs.HOT,-4,2879,20210907092500000,
DCE.cs.HOT,-5,2879,20210907093000000,
DCE.y.HOT,4,9156,20210907094500000,
DCE.cs.HOT,-4,2878,20210907095000000,
DCE.y.HOT,5,9148,20210907095000000,
DCE.cs.HOT,-5,2876,20210907095500000,
DCE.c.HOT,4,2465,20210907100500000,
DCE.m.HOT,4,3514,20210907100500000,
DCE.m.HOT,5,3512,20210907101000000,
DCE.c.HOT,5,2464,20210907101500000,
DCE.m.HOT,4,3512,20210907104500000,
DCE.c.HOT,4,2462,20210907105000000,
DCE.cs.HOT,-4,2873,20210907105000000,
DCE.m.HOT,5,3515,20210907105000000,
DCE.c.HOT,5,2461,20210907105500000,
DCE.cs.HOT,-5,2872,20210907110000000,
DCE.m.HOT,4,3514,20210907110000000,
DCE.m.HOT,5,3519,20210907111000000,
DCE.cs.HOT,-4,2874,20210907112500000,
DCE.c.HOT,4,2464,20210907113000000,
DCE.cs.HOT,-5,2875,20210907113000000,
DCE.c.HOT,5,2462,20210907133500000,
DCE.m.HOT,4,3515,20210907133500000,
DCE.m.HOT,5,3516,20210907134000000,
DCE.c.HOT,4,2462,20210907134500000,
DCE.c.HOT,5,2463,20210907135000000,
DCE.y.HOT,4,9190,20210907140000000,
DCE.y.HOT,5,9188,20210907140500000,
DCE.c.HOT,4,2461,20210907141000000,
DCE.y.HOT,4,9190,20210907141000000,
DCE.c.HOT,5,2462,20210907141500000,
DCE.c.HOT,4,2461,20210907142000000,
DCE.y.HOT,5,9206,20210907142000000,
DCE.c.HOT,5,2461,20210907143000000,
DCE.y.HOT,4,9226,20210907143000000,
DCE.y.HOT,5,9220,20210907144000000,
DCE.m.HOT,4,3526,20210907145000000,
DCE.cs.HOT,-4,2871,20210907145500000,
DCE.y.HOT,4,9198,20210907145500000,
DCE.cs.HOT,-5,2869,20210907150000000,
DCE.m.HOT,5,3524,20210907150000000,
DCE.y.HOT,5,9206,20210907150000000,
DCE.c.HOT,4,2453,20210907210500000,
DCE.c.HOT,5,2455,20210907211000000,
DCE.m.HOT,4,3520,20210907211000000,
DCE.cs.HOT,-4,2846,20210907211500000,
DCE.m.HOT,5,3522,20210907211500000,
DCE.cs.HOT,-5,2842,20210907212000000,
DCE.y.HOT,4,9196,20210907212000000,
DCE.c.HOT,4,2457,20210907212500000,
DCE.y.HOT,5,9204,20210907212500000,
DCE.c.HOT,5,2465,20210907213000000,
DCE.m.HOT,4,3525,20210907213000000,
DCE.cs.HOT,-4,2849,20210907214500000,
DCE.m.HOT,5,3512,20210907214500000,
DCE.cs.HOT,-5,2852,20210907215000000,
DCE.cs.HOT,-4,2851,20210907215500000,
DCE.m.HOT,4,3509,20210907215500000,
DCE.y.HOT,4,9178,20210907215500000,
DCE.cs.HOT,-5,2858,20210907220000000,
DCE.m.HOT,5,3506,20210907220000000,
DCE.y.HOT,5,9180,20210907220000000,
DCE.y.HOT,4,9166,20210907220500000,
DCE.m.HOT,4,3511,20210907221000000,
DCE.m.HOT,5,3510,20210907221500000,
DCE.c.HOT,4,2478,20210907222000000,
DCE.y.HOT,5,9172,20210907222000000,
DCE.c.HOT,5,2478,20210907222500000,
DCE.c.HOT,4,2475,20210907223500000,
DCE.c.HOT,5,2476,20210907224000000,
DCE.m.HOT,4,3505,20210907224000000,
DCE.m.HOT,5,3504,20210907224500000,
DCE.y.HOT,4,9122,20210907224500000,
DCE.y.HOT,5,9124,20210907225000000,
DCE.cs.HOT,-4,2855,20210907225500000,
DCE.cs.HOT,-5,2853,20210907230000000,
DCE.m.HOT,4,3501,20210907230000000,
DCE.m.HOT,5,3503,20210908090500000,
DCE.cs.HOT,-4,2840,20210908092500000,
DCE.c.HOT,4,2476,20210908093000000,
DCE.cs.HOT,-5,2841,20210908093000000,
DCE.c.HOT,5,2476,20210908093500000,
DCE.y.HOT,4,9134,20210908093500000,
DCE.m.HOT,4,3513,20210908094000000,
DCE.y.HOT,5,9144,20210908094000000,
DCE.c.HOT,4,2476,20210908094500000,
DCE.m.HOT,5,3510,20210908094500000,
DCE.c.HOT,5,2476,20210908095000000,
DCE.cs.HOT,-4,2845,20210908095000000,
DCE.cs.HOT,-5,2844,20210908095500000,
DCE.c.HOT,4,2476,20210908103500000,
DCE.c.HOT,5,2474,20210908104000000,
DCE.cs.HOT,-4,2840,20210908111000000,
DCE.cs.HOT,-5,2840,20210908111500000,
DCE.y.HOT,4,9186,20210908111500000,
DCE.cs.HOT,-4,2840,20210908112000000,
DCE.y.HOT,5,9186,20210908112000000,
DCE.cs.HOT,-5,2840,20210908112500000,
DCE.y.HOT,4,9170,20210908113000000,
DCE.cs.HOT,-4,2840,20210908134000000,
DCE.y.HOT,5,9192,20210908134000000,
DCE.cs.HOT,-5,2838,20210908134500000,
DCE.m.HOT,4,3506,20210908134500000,
DCE.cs.HOT,-4,2837,20210908135000000,
DCE.m.HOT,5,3502,20210908135000000,
DCE.cs.HOT,-5,2836,20210908135500000,
DCE.m.HOT,4,3502,20210908140000000,
DCE.c.HOT,4,2463,20210908140500000,
DCE.m.HOT,5,3501,20210908140500000,
DCE.c.HOT,5,2466,20210908141000000,
DCE.cs.HOT,-4,2833,20210908141000000,
DCE.c.HOT,4,2466,20210908141500000,
DCE.cs.HOT,-5,2829,20210908141500000,
DCE.c.HOT,5,2467,20210908142000000,
DCE.c.HOT,4,2465,20210908142500000,
DCE.y.HOT,4,9188,20210908142500000,
DCE.c.HOT,5,2462,20210908143000000,
DCE.c.HOT,4,2462,20210908143500000,
DCE.y.HOT,5,9194,20210908143500000,
DCE.c.HOT,5,2461,20210908144000000,
DCE.m.HOT,4,3491,20210908144000000,
DCE.m.HOT,5,3489,20210908144500000,
DCE.m.HOT,4,3489,20210908145000000,
DCE.y.HOT,4,9180,20210908145000000,
DCE.y.HOT,5,9184,20210908145500000,
DCE.m.HOT,5,3486,20210908150000000,
DCE.m.HOT,4,3489,20210908210500000,
DCE.m.HOT,5,3487,20210908211000000,
DCE.cs.HOT,-4,2835,20210908212500000,
DCE.cs.HOT,-5,2840,20210908213000000,
DCE.y.HOT,4,9186,20210908214000000,
DCE.y.HOT,5,9156,20210908215000000,
DCE.c.HOT,4,2468,20210908215500000,
DCE.m.HOT,4,3485,20210908215500000,
DCE.y.HOT,4,9162,20210908215500000,
DCE.y.HOT,5,9186,20210908220000000,
DCE.c.HOT,5,2467,20210908220500000,
DCE.m.HOT,5,3491,20210908220500000,
DCE.y.HOT,4,9184,20210908220500000,
DCE.y.HOT,5,9186,20210908221000000,
DCE.m.HOT,4,3487,20210908221500000,
DCE.m.HOT,5,3483,20210908222000000,
DCE.y.HOT,4,9164,20210908222000000,
DCE.cs.HOT,-4,2837,20210908223000000,
DCE.y.HOT,5,9152,20210908223000000,
DCE.cs.HOT,-5,2836,20210908223500000,
DCE.y.HOT,4,9156,20210908224500000,
DCE.y.HOT,5,9152,20210908225000000,
DCE.c.HOT,4,2468,20210908230000000,
DCE.c.HOT,5,2461,20210909090500000,
DCE.cs.HOT,-4,2833,20210909091000000,
DCE.c.HOT,4,2464,20210909091500000,
DCE.cs.HOT,-5,2830,20210909091500000,
DCE.c.HOT,5,2463,20210909092000000,
DCE.cs.HOT,-4,2828,20210909092000000,
DCE.m.HOT,4,3472,20210909092000000,
DCE.cs.HOT,-5,2833,20210909092500000,
DCE.m.HOT,5,3468,20210909092500000,
DCE.y.HOT,4,9122,20210909092500000,
DCE.c.HOT,4,2463,20210909093000000,
DCE.y.HOT,5,9112,20210909093000000,
DCE.c.HOT,5,2463,20210909093500000,
DCE.cs.HOT,-4,2831,20210909093500000,
DCE.cs.HOT,-5,2831,20210909094000000,
DCE.m.HOT,4,3471,20210909094500000,
DCE.m.HOT,5,3473,20210909095000000,
DCE.m.HOT,4,3468,20210909101000000,
DCE.c.HOT,4,2457,20210909101500000,
DCE.m.HOT,5,3471,20210909101500000,
DCE.cs.HOT,-4,2829,20210909103500000,
DCE.c.HOT,5,2457,20210909104000000,
DCE.cs.HOT,-5,2830,20210909104000000,
DCE.m.HOT,4,3478,20210909104000000,
DCE.y.HOT,4,9162,20210909104000000,
DCE.cs.HOT,-4,2832,20210909104500000,
DCE.m.HOT,5,3483,20210909104500000,
DCE.y.HOT,5,9174,20210909104500000,
DCE.cs.HOT,-5,2842,20210909105500000,
DCE.y.HOT,4,9132,20210909110000000,
DCE.y.HOT,5,9136,20210909110500000,
DCE.y.HOT,4,9126,20210909111000000,
DCE.y.HOT,5,9110,20210909111500000,
DCE.m.HOT,3,3476,20210909112000000,
DCE.m.HOT,5,3473,20210909112500000,
DCE.c.HOT,4,2452,20210909113000000,
DCE.cs.HOT,-4,2838,20210909113000000,
DCE.c.HOT,5,2456,20210909133500000,
DCE.cs.HOT,-5,2838,20210909133500000,
DCE.m.HOT,4,3468,20210909135000000,
DCE.c.HOT,4,2455,20210909135500000,
DCE.cs.HOT,-4,2837,20210909135500000,
DCE.m.HOT,5,3466,20210909135500000,
DCE.c.HOT,5,2454,20210909140000000,
DCE.cs.HOT,-5,2836,20210909140000000,
DCE.m.HOT,4,3467,20210909140000000,
DCE.cs.HOT,-4,2838,20210909140500000,
DCE.m.HOT,5,3468,20210909140500000,
DCE.y.HOT,4,9140,20210909140500000,
DCE.c.HOT,4,2452,20210909141000000,
DCE.cs.HOT,-5,2835,20210909141000000,
DCE.m.HOT,4,3466,20210909141000000,
DCE.y.HOT,5,9152,20210909141000000,
DCE.c.HOT,5,2454,20210909141500000,
DCE.m.HOT,5,3468,20210909141500000,
DCE.y.HOT,4,9150,20210909141500000,
DCE.y.HOT,5,9148,20210909142000000,
DCE.cs.HOT,-4,2840,20210909142500000,
DCE.cs.HOT,-5,2837,20210909143000000,
DCE.y.HOT,4,9124,20210909143000000,
DCE.y.HOT,5,9116,20210909143500000,
DCE.m.HOT,4,3468,20210909150000000,
DCE.m.HOT,5,3476,20210909210500000,
DCE.cs.HOT,-4,2832,20210909211500000,
DCE.cs.HOT,-5,2831,20210909212000000,
DCE.c.HOT,4,2462,20210909212500000,
DCE.cs.HOT,-4,2831,20210909212500000,
DCE.c.HOT,5,2463,20210909213500000,
DCE.cs.HOT,-5,2830,20210909213500000,
DCE.m.HOT,4,3464,20210909213500000,
DCE.m.HOT,5,3466,20210909214000000,
DCE.y.HOT,4,9114,20210909214000000,
DCE.cs.HOT,-4,2830,20210909214500000,
DCE.cs.HOT,-5,2830,20210909215000000,
DCE.y.HOT,5,9136,20210909215000000,
DCE.c.HOT,4,2460,20210909222000000,
DCE.m.HOT,4,3479,20210909222000000,
DCE.c.HOT,5,2459,20210909222500000,
DCE.m.HOT,5,3478,20210909222500000,
DCE.c.HOT,4,2458,20210909225000000,
DCE.cs.HOT,-4,2829,20210909225500000,
DCE.c.HOT,5,2459,20210909230000000,
DCE.cs.HOT,-5,2826,20210909230000000,
DCE.y.HOT,4,9146,20210909230000000,
DCE.y.HOT,5,9076,20210910090500000,
DCE.cs.HOT,-4,2833,20210910091000000,
DCE.m.HOT,4,3467,20210910091000000,
DCE.c.HOT,4,2459,20210910091500000,
DCE.cs.HOT,-5,2831,20210910091500000,
DCE.m.HOT,5,3464,20210910091500000,
DCE.c.HOT,5,2461,20210910092000000,
DCE.m.HOT,4,3465,20210910093000000,
DCE.m.HOT,5,3471,20210910094000000,
DCE.y.HOT,4,9104,20210910094500000,
DCE.c.HOT,4,2463,20210910095000000,
DCE.y.HOT,5,9132,20210910095000000,
DCE.c.HOT,5,2462,20210910095500000,
DCE.m.HOT,4,3468,20210910100000000,
DCE.c.HOT,4,2458,20210910100500000,
DCE.m.HOT,5,3469,20210910100500000,
DCE.c.HOT,5,2456,20210910101000000,
DCE.m.HOT,3,3470,20210910103500000,
DCE.c.HOT,4,2459,20210910104000000,
DCE.m.HOT,5,3473,20210910104000000,
DCE.c.HOT,5,2458,20210910104500000,
DCE.m.HOT,4,3466,20210910110000000,
DCE.m.HOT,5,3467,20210910110500000,
DCE.m.HOT,4,3469,20210910111000000,
DCE.m.HOT,5,3468,20210910111500000,
DCE.c.HOT,4,2453,20210910112000000,
DCE.c.HOT,5,2453,20210910112500000,
DCE.m.HOT,4,3465,20210910112500000,
DCE.m.HOT,5,3467,20210910113000000,
DCE.y.HOT,4,9028,20210910133500000,
DCE.c.HOT,4,2455,20210910134000000,
DCE.y.HOT,5,9010,20210910134000000,
DCE.c.HOT,5,2455,20210910134500000,
DCE.m.HOT,4,3489,20210910140000000,
DCE.y.HOT,4,8968,20210910140000000,
DCE.m.HOT,5,3487,20210910140500000,
DCE.y.HOT,5,8966,20210910140500000,
DCE.y.HOT,4,8960,20210910141000000,
DCE.m.HOT,4,3477,20210910141500000,
DCE.y.HOT,5,8960,20210910141500000,
DCE.m.HOT,5,3475,20210910142000000,
DCE.cs.HOT,-4,2829,20210910143000000,
DCE.y.HOT,4,8986,20210910143000000,
DCE.cs.HOT,-5,2829,20210910143500000,
DCE.m.HOT,4,3485,20210910143500000,
DCE.y.HOT,5,8962,20210910143500000,
DCE.c.HOT,4,2454,20210910144000000,
DCE.m.HOT,5,3486,20210910144000000,
DCE.c.HOT,5,2456,20210910144500000,
DCE.cs.HOT,-4,2829,20210910144500000,
DCE.cs.HOT,-5,2826,20210910145000000,
DCE.cs.HOT,-4,2835,20210910210500000,
DCE.cs.HOT,-5,2838,20210910211000000,
DCE.cs.HOT,-4,2839,20210910212000000,
DCE.y.HOT,4,8988,20210910212000000,
DCE.cs.HOT,-5,2842,20210910212500000,
DCE.m.HOT,4,3519,20210910212500000,
DCE.y.HOT,5,8986,20210910212500000,
DCE.cs.HOT,-4,2839,20210910213000000,
DCE.m.HOT,5,3522,20210910213000000,
DCE.cs.HOT,-5,2844,20210910213500000,
DCE.c.HOT,4,2477,20210910214000000,
DCE.y.HOT,4,8968,20210910214000000,
DCE.c.HOT,5,2479,20210910214500000,
DCE.y.HOT,5,8972,20210910214500000,
DCE.c.HOT,4,2479,20210910215000000,
DCE.m.HOT,4,3514,20210910215000000,
DCE.c.HOT,5,2478,20210910215500000,
DCE.cs.HOT,-4,2848,20210910215500000,
DCE.m.HOT,5,3515,20210910215500000,
DCE.cs.HOT,-5,2847,20210910220000000,
DCE.m.HOT,4,3511,20210910221000000,
DCE.m.HOT,5,3513,20210910221500000,
DCE.c.HOT,4,2472,20210910222500000,
DCE.m.HOT,4,3512,20210910222500000,
DCE.c.HOT,5,2470,20210910223000000,
DCE.m.HOT,5,3510,20210910223000000,
DCE.y.HOT,4,8958,20210910223000000,
DCE.y.HOT,5,8964,20210910223500000,
DCE.y.HOT,4,8970,20210910224500000,
DCE.m.HOT,4,3509,20210910225000000,
DCE.y.HOT,5,8978,20210910225000000,
DCE.m.HOT,5,3537,20210913091000000,
DCE.c.HOT,4,2461,20210913091500000,
DCE.c.HOT,5,2462,20210913092000000,
DCE.cs.HOT,-4,2833,20210913092500000,
DCE.y.HOT,4,9090,20210913092500000,
DCE.cs.HOT,-5,2829,20210913093000000,
DCE.y.HOT,5,9078,20210913093000000,
DCE.c.HOT,4,2460,20210913093500000,
DCE.c.HOT,5,2465,20210913094500000,
DCE.m.HOT,4,3528,20210913095500000,
DCE.cs.HOT,-4,2841,20210913100000000,
DCE.m.HOT,5,3526,20210913100000000,
DCE.c.HOT,4,2466,20210913100500000,
DCE.cs.HOT,-5,2839,20210913100500000,
DCE.m.HOT,4,3524,20210913100500000,
DCE.c.HOT,5,2467,20210913101000000,
DCE.m.HOT,5,3526,20210913101000000,
DCE.m.HOT,4,3524,20210913101500000,
DCE.m.HOT,5,3531,20210913103500000,
DCE.y.HOT,4,9020,20210913104000000,
DCE.y.HOT,5,9042,20210913105000000,
DCE.c.HOT,4,2473,20210913110000000,
DCE.c.HOT,5,2473,20210913110500000,
DCE.cs.HOT,-4,2838,20210913110500000,
DCE.cs.HOT,-5,2843,20210913111000000,
DCE.m.HOT,4,3532,20210913112000000,
DCE.c.HOT,4,2477,20210913112500000,
DCE.cs.HOT,-4,2840,20210913112500000,
DCE.m.HOT,5,3532,20210913112500000,
DCE.c.HOT,5,2478,20210913113000000,
DCE.cs.HOT,-5,2841,20210913113000000,
DCE.y.HOT,4,9032,20210913113000000,
DCE.y.HOT,5,9030,20210913133500000,
DCE.c.HOT,3,2481,20210913134500000,
DCE.c.HOT,5,2484,20210913135000000,
DCE.cs.HOT,-4,2849,20210913135000000,
DCE.cs.HOT,-5,2845,20210913135500000,
DCE.m.HOT,4,3536,20210913135500000,
DCE.c.HOT,4,2481,20210913140000000,
DCE.m.HOT,5,3537,20210913140000000,
DCE.c.HOT,5,2480,20210913140500000,
DCE.cs.HOT,-4,2841,20210913141000000,
DCE.cs.HOT,-5,2840,20210913141500000,
DCE.m.HOT,4,3534,20210913141500000,
DCE.m.HOT,5,3533,20210913142000000,
DCE.cs.HOT,-4,2844,20210913142500000,
DCE.cs.HOT,-5,2844,20210913143500000,
DCE.m.HOT,4,3530,20210913143500000,
DCE.m.HOT,5,3531,20210913144000000,
DCE.m.HOT,4,3533,20210913144500000,
DCE.c.HOT,4,2475,20210913145000000,
DCE.m.HOT,5,3530,20210913145000000,
DCE.y.HOT,4,9012,20210913145000000,
DCE.c.HOT,5,2477,20210913145500000,
DCE.y.HOT,5,9014,20210913145500000,
DCE.cs.HOT,-4,2833,20210913210500000,
DCE.cs.HOT,-5,2822,20210913211000000,
DCE.m.HOT,4,3514,20210913211000000,
DCE.m.HOT,5,3516,20210913211500000,
DCE.cs.HOT,-4,2824,20210913213000000,
DCE.cs.HOT,-5,2825,20210913214000000,
DCE.y.HOT,4,8990,20210913214500000,
DCE.y.HOT,5,8978,20210913215000000,
DCE.cs.HOT,-4,2822,20210913215500000,
DCE.m.HOT,4,3519,20210913215500000,
DCE.c.HOT,4,2461,20210913220000000,
DCE.cs.HOT,-5,2822,20210913220000000,
DCE.m.HOT,5,3521,20210913220000000,
DCE.y.HOT,4,8982,20210913220000000,
DCE.cs.HOT,-4,2810,20210913220500000,
DCE.y.HOT,5,8966,20210913220500000,
DCE.c.HOT,5,2460,20210913221000000,
DCE.cs.HOT,-5,2813,20210913221000000,
DCE.cs.HOT,-4,2812,20210913222500000,
DCE.cs.HOT,-5,2811,20210913223000000,
DCE.m.HOT,4,3520,20210913224500000,
DCE.m.HOT,5,3522,20210913225000000,
DCE.y.HOT,4,8930,20210913225000000,
DCE.c.HOT,4,2459,20210913225500000,
DCE.cs.HOT,-4,2810,20210913225500000,
DCE.y.HOT,5,8942,20210913225500000,
DCE.c.HOT,5,2457,20210913230000000,
DCE.cs.HOT,-5,2807,20210913230000000,
DCE.c.HOT,4,2458,20210914090500000,
DCE.c.HOT,5,2458,20210914091000000,
DCE.c.HOT,4,2462,20210914094000000,
DCE.c.HOT,5,2460,20210914094500000,
DCE.m.HOT,4,3538,20210914094500000,
DCE.cs.HOT,-4,2805,20210914095000000,
DCE.m.HOT,5,3536,20210914095000000,
DCE.cs.HOT,-5,2803,20210914095500000,
DCE.m.HOT,4,3546,20210914100500000,
DCE.m.HOT,5,3545,20210914101000000,
DCE.cs.HOT,-4,2815,20210914104500000,
DCE.cs.HOT,-5,2814,20210914105000000,
DCE.c.HOT,4,2460,20210914105500000,
DCE.m.HOT,4,3545,20210914105500000,
DCE.c.HOT,5,2460,20210914110000000,
DCE.m.HOT,5,3545,20210914110000000,
DCE.c.HOT,3,2457,20210914112000000,
DCE.c.HOT,5,2458,20210914112500000,
DCE.cs.HOT,-4,2812,20210914133500000,
DCE.m.HOT,4,3551,20210914133500000,
DCE.m.HOT,5,3545,20210914134000000,
DCE.cs.HOT,-5,2814,20210914134500000,
DCE.m.HOT,4,3549,20210914134500000,
DCE.m.HOT,5,3547,20210914135000000,
DCE.cs.HOT,-4,2809,20210914135500000,
DCE.c.HOT,4,2458,20210914140000000,
DCE.cs.HOT,-5,2809,20210914140000000,
DCE.c.HOT,5,2458,20210914140500000,
DCE.y.HOT,4,8990,20210914140500000,
DCE.c.HOT,4,2458,20210914141000000,
DCE.cs.HOT,-4,2808,20210914141000000,
DCE.y.HOT,5,8994,20210914141000000,
DCE.c.HOT,5,2458,20210914141500000,
DCE.cs.HOT,-5,2807,20210914141500000,
DCE.m.HOT,4,3549,20210914141500000,
DCE.m.HOT,5,3545,20210914142000000,
DCE.c.HOT,4,2460,20210914142500000,
DCE.m.HOT,4,3548,20210914143000000,
DCE.y.HOT,4,8986,20210914143000000,
DCE.y.HOT,5,8974,20210914143500000,
DCE.c.HOT,5,2459,20210914144000000,
DCE.cs.HOT,-4,2807,20210914144000000,
DCE.y.HOT,4,8970,20210914144000000,
DCE.cs.HOT,-5,2806,20210914144500000,
DCE.m.HOT,5,3549,20210914144500000,
DCE.y.HOT,5,8980,20210914144500000,
DCE.m.HOT,4,3548,20210914145500000,
DCE.cs.HOT,-4,2805,20210914150000000,
DCE.m.HOT,5,3545,20210914150000000,
DCE.cs.HOT,-5,2809,20210914210500000,
DCE.cs.HOT,-4,2817,20210914211500000,
DCE.c.HOT,4,2470,20210914212000000,
DCE.cs.HOT,-5,2818,20210914212000000,
DCE.c.HOT,5,2471,20210914212500000,
DCE.cs.HOT,-4,2820,20210914212500000,
DCE.m.HOT,4,3547,20210914212500000,
DCE.y.HOT,4,8970,20210914212500000,
DCE.cs.HOT,-5,2819,20210914213000000,
DCE.m.HOT,5,3544,20210914213000000,
DCE.y.HOT,5,8954,20210914213000000,
DCE.cs.HOT,-4,2816,20210914213500000,
DCE.cs.HOT,-5,2820,20210914214000000,
DCE.c.HOT,4,2471,20210914214500000,
DCE.c.HOT,5,2474,20210914215000000,
DCE.m.HOT,4,3543,20210914215000000,
DCE.cs.HOT,-4,2821,20210914215500000,
DCE.m.HOT,5,3541,20210914215500000,
DCE.y.HOT,4,8974,20210914215500000,
DCE.cs.HOT,-5,2821,20210914220000000,
DCE.m.HOT,4,3540,20210914220000000,
DCE.y.HOT,5,8984,20210914220000000,
DCE.m.HOT,5,3537,20210914220500000,
DCE.cs.HOT,-4,2820,20210914221500000,
DCE.c.HOT,4,2474,20210914222000000,
DCE.c.HOT,5,2471,20210914222500000,
DCE.c.HOT,4,2467,20210914223500000,
DCE.cs.HOT,-5,2814,20210914223500000,
DCE.c.HOT,5,2466,20210914224000000,
DCE.cs.HOT,-4,2813,20210914224000000,
DCE.m.HOT,4,3540,20210914224000000,
DCE.c.HOT,4,2469,20210914224500000,
DCE.cs.HOT,-5,2814,20210914224500000,
DCE.m.HOT,5,3536,20210914224500000,
DCE.cs.HOT,-4,2813,20210914225000000,
DCE.m.HOT,4,3534,20210914225000000,
DCE.c.HOT,5,2467,20210914225500000,
DCE.cs.HOT,-5,2812,20210914225500000,
DCE.m.HOT,5,3537,20210914225500000,
DCE.c.HOT,4,2469,20210915091000000,
DCE.c.HOT,5,2471,20210915091500000,
DCE.y.HOT,4,8914,20210915092000000,
DCE.y.HOT,5,8890,20210915092500000,
DCE.m.HOT,4,3535,20210915093000000,
DCE.m.HOT,5,3535,20210915093500000,
DCE.m.HOT,4,3537,20210915094000000,
DCE.y.HOT,4,8898,20210915094000000,
DCE.m.HOT,5,3535,20210915094500000,
DCE.y.HOT,5,8914,20210915094500000,
DCE.cs.HOT,-4,2815,20210915100000000,
DCE.y.HOT,4,8920,20210915100000000,
DCE.c.HOT,4,2468,20210915100500000,
DCE.cs.HOT,-5,2814,20210915100500000,
DCE.y.HOT,5,8924,20210915100500000,
DCE.cs.HOT,-4,2815,20210915101000000,
DCE.c.HOT,5,2471,20210915101500000,
DCE.cs.HOT,-5,2816,20210915101500000,
DCE.y.HOT,4,8948,20210915101500000,
DCE.y.HOT,5,8956,20210915103500000,
DCE.cs.HOT,-4,2816,20210915104000000,
DCE.cs.HOT,-5,2816,20210915104500000,
DCE.m.HOT,3,3531,20210915110500000,
DCE.y.HOT,4,9010,20210915110500000,
DCE.m.HOT,5,3536,20210915111000000,
DCE.y.HOT,5,8990,20210915111000000,
DCE.c.HOT,4,2466,20210915113000000,
DCE.c.HOT,5,2463,20210915133500000,
DCE.m.HOT,4,3533,20210915135000000,
DCE.m.HOT,5,3534,20210915135500000,
DCE.m.HOT,4,3538,20210915142500000,
DCE.m.HOT,5,3538,20210915143000000,
DCE.m.HOT,4,3532,20210915145500000,
DCE.m.HOT,5,3534,20210915150000000,
DCE.y.HOT,4,9042,20210915210500000,
DCE.m.HOT,4,3542,20210915211000000,
DCE.y.HOT,5,9046,20210915211000000,
DCE.m.HOT,5,3537,20210915211500000,
DCE.m.HOT,4,3534,20210915212500000,
DCE.y.HOT,4,9058,20210915212500000,
DCE.m.HOT,5,3531,20210915213000000,
DCE.y.HOT,5,9056,20210915213000000,
DCE.c.HOT,4,2455,20210915214500000,
DCE.y.HOT,4,9030,20210915214500000,
DCE.c.HOT,5,2452,20210915215000000,
DCE.y.HOT,5,9060,20210915215000000,
DCE.cs.HOT,-4,2805,20210915215500000,
DCE.cs.HOT,-5,2798,20210915220000000,
DCE.c.HOT,4,2448,20210915220500000,
DCE.c.HOT,5,2448,20210915221000000,
DCE.y.HOT,4,9056,20210915221000000,
DCE.y.HOT,5,9060,20210915221500000,
DCE.m.HOT,4,3527,20210915222000000,
DCE.c.HOT,4,2451,20210915222500000,
DCE.m.HOT,5,3532,20210915222500000,
DCE.c.HOT,5,2451,20210915223000000,
DCE.c.HOT,4,2452,20210915223500000,
DCE.c.HOT,5,2451,20210915224000000,
DCE.y.HOT,4,9054,20210915224500000,
DCE.y.HOT,5,9064,20210915225000000,
DCE.m.HOT,4,3530,20210915225500000,
DCE.m.HOT,5,3530,20210915230000000,
DCE.y.HOT,4,9070,20210915230000000,
DCE.cs.HOT,-4,2799,20210916090500000,
DCE.m.HOT,4,3544,20210916090500000,
DCE.c.HOT,4,2453,20210916091000000,
DCE.cs.HOT,-5,2802,20210916091000000,
DCE.m.HOT,5,3545,20210916091000000,
DCE.y.HOT,5,9102,20210916091000000,
DCE.c.HOT,5,2451,20210916091500000,
DCE.m.HOT,4,3547,20210916093500000,
DCE.m.HOT,5,3545,20210916094000000,
DCE.c.HOT,4,2449,20210916094500000,
DCE.y.HOT,4,9118,20210916094500000,
DCE.c.HOT,5,2449,20210916095000000,
DCE.c.HOT,4,2448,20210916095500000,
DCE.y.HOT,5,9188,20210916095500000,
DCE.c.HOT,5,2448,20210916100000000,
DCE.cs.HOT,-4,2793,20210916100000000,
DCE.cs.HOT,-5,2795,20210916100500000,
DCE.y.HOT,4,9192,20210916100500000,
DCE.y.HOT,5,9164,20210916101000000,
DCE.m.HOT,4,3531,20210916103500000,
DCE.m.HOT,5,3532,20210916104000000,
DCE.cs.HOT,-4,2801,20210916105500000,
DCE.cs.HOT,-5,2801,20210916110000000,
DCE.cs.HOT,-4,2805,20210916110500000,
DCE.y.HOT,4,9110,20210916110500000,
DCE.cs.HOT,-5,2804,20210916111000000,
DCE.y.HOT,5,9108,20210916111000000,
DCE.c.HOT,4,2444,20210916112000000,
DCE.m.HOT,4,3527,20210916112000000,
DCE.y.HOT,4,9104,20210916112000000,
DCE.m.HOT,5,3523,20210916112500000,
DCE.y.HOT,5,9116,20210916112500000,
DCE.c.HOT,5,2445,20210916113000000,
DCE.y.HOT,4,9100,20210916133500000,
DCE.cs.HOT,-4,2814,20210916134000000,
DCE.cs.HOT,-5,2821,20210916134500000,
DCE.m.HOT,4,3525,20210916134500000,
DCE.y.HOT,5,9078,20210916134500000,
DCE.c.HOT,4,2447,20210916135000000,
DCE.m.HOT,5,3533,20210916135000000,
DCE.c.HOT,5,2446,20210916135500000,
DCE.m.HOT,4,3533,20210916135500000,
DCE.m.HOT,5,3539,20210916140000000,
DCE.cs.HOT,-4,2819,20210916140500000,
DCE.cs.HOT,-5,2815,20210916141500000,
DCE.cs.HOT,-4,2810,20210916142000000,
DCE.cs.HOT,-5,2806,20210916142500000,
DCE.c.HOT,4,2439,20210916144000000,
DCE.cs.HOT,-4,2810,20210916144000000,
DCE.m.HOT,4,3535,20210916144000000,
DCE.c.HOT,5,2438,20210916144500000,
DCE.cs.HOT,-5,2808,20210916144500000,
DCE.m.HOT,5,3539,20210916144500000,
DCE.y.HOT,3,9110,20210916145000000,
DCE.c.HOT,4,2437,20210916145500000,
DCE.y.HOT,5,9104,20210916145500000,
DCE.y.HOT,4,9110,20210916150000000,
DCE.cs.HOT,-4,2820,20210916210500000,
DCE.c.HOT,5,2444,20210916211000000,
DCE.cs.HOT,-5,2826,20210916211000000,
DCE.m.HOT,4,3566,20210916211000000,
DCE.y.HOT,5,9118,20210916211000000,
DCE.m.HOT,5,3573,20210916211500000,
DCE.cs.HOT,-4,2836,20210916212000000,
DCE.cs.HOT,-5,2829,20210916213000000,
DCE.y.HOT,4,9108,20210916213000000,
DCE.c.HOT,4,2446,20210916213500000,
DCE.cs.HOT,-4,2830,20210916213500000,
DCE.y.HOT,5,9100,20210916213500000,
DCE.c.HOT,5,2447,20210916214000000,
DCE.cs.HOT,-5,2829,20210916214000000,
DCE.m.HOT,4,3572,20210916215000000,
DCE.m.HOT,5,3577,20210916215500000,
DCE.cs.HOT,-4,2827,20210916220500000,
DCE.y.HOT,4,9076,20210916220500000,
DCE.c.HOT,4,2442,20210916221000000,
DCE.cs.HOT,-5,2828,20210916221000000,
DCE.y.HOT,5,9062,20210916221000000,
DCE.c.HOT,5,2442,20210916221500000,
DCE.cs.HOT,-4,2828,20210916221500000,
DCE.cs.HOT,-5,2830,20210916222000000,
DCE.y.HOT,4,9070,20210916222000000,
DCE.y.HOT,5,9056,20210916222500000,
DCE.c.HOT,4,2444,20210916223000000,
DCE.c.HOT,5,2443,20210916224000000,
DCE.y.HOT,4,9058,20210916224000000,
DCE.y.HOT,5,9030,20210916224500000,
DCE.cs.HOT,-4,2820,20210916225500000,
DCE.c.HOT,4,2443,20210916230000000,
DCE.cs.HOT,-5,2819,20210916230000000,
DCE.c.HOT,5,2441,20210917090500000,
DCE.c.HOT,4,2439,20210917091000000,
DCE.c.HOT,5,2438,20210917091500000,
DCE.m.HOT,4,3575,20210917091500000,
DCE.m.HOT,5,3568,20210917092500000,
DCE.cs.HOT,-4,2819,20210917093000000,
DCE.cs.HOT,-5,2821,20210917093500000,
DCE.y.HOT,4,9074,20210917093500000,
DCE.y.HOT,5,9082,20210917094500000,
DCE.cs.HOT,-4,2823,20210917100000000,
DCE.c.HOT,4,2437,20210917100500000,
DCE.cs.HOT,-5,2820,20210917100500000,
DCE.c.HOT,5,2437,20210917101000000,
DCE.cs.HOT,-4,2833,20210917103500000,
DCE.m.HOT,4,3559,20210917103500000,
DCE.cs.HOT,-5,2831,20210917104000000,
DCE.m.HOT,5,3555,20210917104000000,
DCE.m.HOT,4,3561,20210917112000000,
DCE.m.HOT,5,3557,20210917112500000,
DCE.c.HOT,4,2444,20210917134000000,
DCE.c.HOT,5,2443,20210917134500000,
DCE.m.HOT,4,3563,20210917134500000,
DCE.cs.HOT,-4,2842,20210917135000000,
DCE.y.HOT,4,8868,20210917135000000,
DCE.cs.HOT,-5,2843,20210917135500000,
DCE.m.HOT,5,3567,20210917135500000,
DCE.y.HOT,5,8866,20210917135500000,
DCE.y.HOT,4,8844,20210917140500000,
DCE.y.HOT,5,8840,20210917141000000,
DCE.m.HOT,4,3570,20210917143000000,
DCE.y.HOT,4,8862,20210917143000000,
DCE.m.HOT,5,3569,20210917143500000,
DCE.y.HOT,5,8862,20210917143500000,
DCE.c.HOT,4,2441,20210917144000000,
DCE.cs.HOT,-4,2858,20210917144000000,
DCE.c.HOT,5,2441,20210917144500000,
DCE.cs.HOT,-5,2867,20210917144500000,
DCE.m.HOT,4,3570,20210917150000000,
DCE.m.HOT,5,3558,20210922090500000,
DCE.m.HOT,4,3541,20210922093500000,
DCE.cs.HOT,-4,2873,20210922094000000,
DCE.m.HOT,5,3542,20210922094000000,
DCE.c.HOT,4,2447,20210922094500000,
DCE.cs.HOT,-5,2877,20210922094500000,
DCE.c.HOT,5,2458,20210922095000000,
DCE.y.HOT,4,8828,20210922095000000,
DCE.m.HOT,4,3536,20210922100000000,
DCE.y.HOT,5,8820,20210922100000000,
DCE.c.HOT,4,2463,20210922100500000,
DCE.m.HOT,5,3539,20210922101000000,
DCE.c.HOT,5,2459,20210922101500000,
DCE.cs.HOT,-4,2898,20210922101500000,
DCE.cs.HOT,-5,2894,20210922103500000,
DCE.m.HOT,4,3547,20210922103500000,
DCE.cs.HOT,-4,2894,20210922104000000,
DCE.m.HOT,5,3550,20210922104000000,
DCE.c.HOT,4,2461,20210922104500000,
DCE.cs.HOT,-5,2895,20210922104500000,
DCE.c.HOT,5,2463,20210922105500000,
DCE.c.HOT,4,2464,20210922110000000,
DCE.c.HOT,5,2462,20210922110500000,
DCE.c.HOT,4,2464,20210922111000000,
DCE.y.HOT,4,8896,20210922111000000,
DCE.c.HOT,5,2464,20210922111500000,
DCE.cs.HOT,-4,2899,20210922111500000,
DCE.cs.HOT,-5,2897,20210922112000000,
DCE.y.HOT,5,8882,20210922113000000,
DCE.m.HOT,4,3539,20210922133500000,
DCE.m.HOT,5,3536,20210922134000000,
DCE.y.HOT,4,8928,20210922140000000,
DCE.cs.HOT,-4,2891,20210922140500000,
DCE.y.HOT,5,8936,20210922140500000,
DCE.c.HOT,4,2463,20210922141000000,
DCE.cs.HOT,-5,2893,20210922141000000,
DCE.y.HOT,4,8942,20210922141000000,
DCE.y.HOT,5,8942,20210922141500000,
DCE.c.HOT,5,2461,20210922142000000,
DCE.cs.HOT,-4,2895,20210922142500000,
DCE.m.HOT,4,3534,20210922142500000,
DCE.cs.HOT,-5,2895,20210922143000000,
DCE.y.HOT,4,8936,20210922143000000,
DCE.y.HOT,5,8934,20210922143500000,
DCE.m.HOT,5,3531,20210922144000000,
DCE.y.HOT,4,8920,20210922144000000,
DCE.y.HOT,5,8918,20210922144500000,
DCE.y.HOT,4,8926,20210922145500000,
DCE.y.HOT,5,8930,20210922150000000,
DCE.m.HOT,4,3547,20210922210500000,
DCE.y.HOT,4,8962,20210922210500000,
DCE.m.HOT,5,3549,20210922211000000,
DCE.y.HOT,5,8956,20210922211000000,
DCE.cs.HOT,-4,2879,20210922211500000,
DCE.cs.HOT,-5,2877,20210922212000000,
DCE.y.HOT,4,8946,20210922212000000,
DCE.c.HOT,4,2461,20210922212500000,
DCE.y.HOT,5,8944,20210922212500000,
DCE.c.HOT,5,2459,20210922213000000,
DCE.c.HOT,4,2461,20210922213500000,
DCE.y.HOT,4,8976,20210922213500000,
DCE.c.HOT,5,2460,20210922214000000,
DCE.y.HOT,5,8990,20210922214000000,
DCE.y.HOT,4,8982,20210922215500000,
DCE.y.HOT,5,8982,20210922220500000,
DCE.cs.HOT,-4,2880,20210922222500000,
DCE.cs.HOT,-5,2882,20210922223000000,
DCE.m.HOT,4,3552,20210922223000000,
DCE.m.HOT,5,3554,20210922223500000,
DCE.y.HOT,4,8962,20210922225000000,
DCE.m.HOT,4,3555,20210922225500000,
DCE.y.HOT,5,8956,20210922225500000,
DCE.m.HOT,5,3551,20210922230000000,
DCE.y.HOT,4,8944,20210922230000000,
DCE.c.HOT,4,2469,20210923090500000,
DCE.y.HOT,5,8932,20210923090500000,
DCE.c.HOT,5,2468,20210923091000000,
DCE.m.HOT,4,3554,20210923094500000,
DCE.y.HOT,4,8986,20210923094500000,
DCE.m.HOT,5,3553,20210923095000000,
DCE.y.HOT,5,8956,20210923095500000,
DCE.m.HOT,4,3547,20210923100000000,
DCE.y.HOT,4,8952,20210923100000000,
DCE.m.HOT,5,3549,20210923100500000,
DCE.y.HOT,5,8944,20210923100500000,
DCE.m.HOT,4,3541,20210923101000000,
DCE.m.HOT,5,3543,20210923101500000,
DCE.m.HOT,4,3543,20210923103500000,
DCE.m.HOT,5,3541,20210923104000000,
DCE.y.HOT,4,8936,20210923104500000,
DCE.c.HOT,4,2472,20210923105000000,
DCE.c.HOT,5,2473,20210923105500000,
DCE.cs.HOT,-4,2894,20210923105500000,
DCE.y.HOT,5,8956,20210923105500000,
DCE.c.HOT,4,2473,20210923110000000,
DCE.cs.HOT,-5,2893,20210923110000000,
DCE.c.HOT,5,2473,20210923110500000,
DCE.m.HOT,4,3540,20210923110500000,
DCE.c.HOT,4,2475,20210923111000000,
DCE.cs.HOT,-4,2896,20210923111000000,
DCE.m.HOT,5,3537,20210923111000000,
DCE.c.HOT,5,2475,20210923111500000,
DCE.cs.HOT,-5,2899,20210923111500000,
DCE.c.HOT,4,2474,20210923112000000,
DCE.y.HOT,4,8966,20210923112000000,
DCE.c.HOT,5,2476,20210923112500000,
DCE.y.HOT,5,8998,20210923112500000,
DCE.m.HOT,4,3544,20210923135500000,
DCE.m.HOT,5,3543,20210923140000000,
DCE.m.HOT,4,3540,20210923141000000,
DCE.c.HOT,4,2475,20210923141500000,
DCE.m.HOT,5,3543,20210923141500000,
DCE.c.HOT,5,2476,20210923142000000,
DCE.c.HOT,4,2479,20210923143000000,
DCE.c.HOT,5,2481,20210923143500000,
DCE.c.HOT,4,2481,20210923145000000,
DCE.c.HOT,5,2482,20210923145500000,
DCE.cs.HOT,-4,2920,20210923211500000,
DCE.cs.HOT,-5,2917,20210923212000000,
DCE.cs.HOT,-4,2919,20210923212500000,
DCE.cs.HOT,-5,2918,20210923213000000,
DCE.cs.HOT,-4,2916,20210923213500000,
DCE.cs.HOT,-5,2916,20210923214000000,
DCE.m.HOT,4,3531,20210923214500000,
DCE.m.HOT,5,3530,20210923215000000,
DCE.m.HOT,4,3535,20210923215500000,
DCE.m.HOT,5,3530,20210923220000000,
DCE.c.HOT,4,2486,20210923222000000,
DCE.c.HOT,5,2486,20210923222500000,
DCE.c.HOT,4,2486,20210923224500000,
DCE.m.HOT,4,3519,20210923225000000,
DCE.y.HOT,4,9162,20210923225000000,
DCE.c.HOT,5,2484,20210923225500000,
DCE.m.HOT,5,3520,20210923225500000,
DCE.y.HOT,5,9168,20210923230000000,
DCE.m.HOT,4,3524,20210924091500000,
DCE.cs.HOT,-4,2907,20210924092000000,
DCE.m.HOT,5,3523,20210924092000000,
DCE.cs.HOT,-5,2908,20210924092500000,
DCE.y.HOT,4,9158,20210924094500000,
DCE.cs.HOT,-4,2913,20210924095000000,
DCE.y.HOT,5,9140,20210924095000000,
DCE.cs.HOT,-5,2913,20210924100000000,
DCE.m.HOT,4,3528,20210924100000000,
DCE.m.HOT,5,3528,20210924100500000,
DCE.cs.HOT,-4,2913,20210924101500000,
DCE.cs.HOT,-5,2916,20210924103500000,
DCE.m.HOT,4,3540,20210924104000000,
DCE.y.HOT,4,9164,20210924104000000,
DCE.y.HOT,5,9160,20210924104500000,
DCE.m.HOT,5,3539,20210924105500000,
DCE.y.HOT,4,9134,20210924105500000,
DCE.c.HOT,4,2488,20210924110000000,
DCE.y.HOT,5,9166,20210924110000000,
DCE.m.HOT,4,3533,20210924110500000,
DCE.c.HOT,5,2488,20210924111000000,
DCE.m.HOT,5,3531,20210924111000000,
DCE.y.HOT,4,9172,20210924111000000,
DCE.y.HOT,5,9182,20210924111500000,
DCE.cs.HOT,-4,2914,20210924112000000,
DCE.y.HOT,4,9192,20210924112000000,
DCE.cs.HOT,-5,2911,20210924112500000,
DCE.c.HOT,4,2485,20210924113000000,
DCE.m.HOT,4,3526,20210924113000000,
DCE.y.HOT,5,9186,20210924113000000,
DCE.c.HOT,5,2486,20210924133500000,
DCE.m.HOT,5,3529,20210924133500000,
DCE.m.HOT,4,3521,20210924140000000,
DCE.m.HOT,5,3519,20210924140500000,
DCE.m.HOT,3,3520,20210924141000000,
DCE.m.HOT,5,3517,20210924141500000,
DCE.m.HOT,4,3516,20210924142000000,
DCE.cs.HOT,-4,2920,20210924142500000,
DCE.m.HOT,5,3519,20210924142500000,
DCE.c.HOT,4,2487,20210924143000000,
DCE.cs.HOT,-5,2920,20210924143000000,
DCE.c.HOT,5,2486,20210924143500000,
DCE.m.HOT,4,3510,20210924150000000,
DCE.c.HOT,4,2479,20210924210500000,
DCE.c.HOT,5,2482,20210924211000000,
DCE.m.HOT,5,3512,20210924211000000,
DCE.y.HOT,4,9194,20210924211000000,
DCE.y.HOT,5,9186,20210924211500000,
DCE.c.HOT,4,2479,20210924212000000,
DCE.c.HOT,5,2476,20210924212500000,
DCE.m.HOT,4,3506,20210924213000000,
DCE.c.HOT,4,2473,20210924213500000,
DCE.m.HOT,5,3506,20210924213500000,
DCE.c.HOT,5,2470,20210924214000000,
DCE.y.HOT,4,9204,20210924220000000,
DCE.y.HOT,5,9226,20210924220500000,
DCE.c.HOT,4,2472,20210924221500000,
DCE.c.HOT,5,2473,20210924222000000,
DCE.y.HOT,4,9192,20210924225000000,
DCE.y.HOT,5,9200,20210924225500000,
DCE.y.HOT,4,9220,20210924230000000,
DCE.c.HOT,4,2475,20210927090500000,
DCE.y.HOT,5,9218,20210927090500000,
DCE.c.HOT,5,2477,20210927091000000,
DCE.y.HOT,4,9204,20210927091000000,
DCE.y.HOT,5,9196,20210927091500000,
DCE.c.HOT,4,2482,20210927093500000,
DCE.c.HOT,5,2482,20210927094000000,
DCE.y.HOT,4,9180,20210927094500000,
DCE.m.HOT,4,3522,20210927095000000,
DCE.y.HOT,5,9182,20210927095000000,
DCE.m.HOT,5,3523,20210927095500000,
DCE.y.HOT,4,9232,20210927103500000,
DCE.c.HOT,4,2487,20210927104500000,
DCE.m.HOT,4,3535,20210927104500000,
DCE.y.HOT,5,9232,20210927104500000,
DCE.c.HOT,5,2484,20210927105000000,
DCE.m.HOT,5,3534,20210927105000000,
DCE.y.HOT,4,9204,20210927105500000,
DCE.c.HOT,4,2484,20210927110000000,
DCE.cs.HOT,-4,2945,20210927110000000,
DCE.c.HOT,5,2483,20210927110500000,
DCE.cs.HOT,-5,2949,20210927110500000,
DCE.y.HOT,5,9180,20210927110500000,
DCE.y.HOT,4,9170,20210927113000000,
DCE.y.HOT,5,9190,20210927134000000,
DCE.cs.HOT,-4,2945,20210927134500000,
DCE.m.HOT,4,3527,20210927134500000,
DCE.cs.HOT,-5,2947,20210927135000000,
DCE.m.HOT,5,3527,20210927135000000,
DCE.y.HOT,4,9200,20210927135500000,
DCE.c.HOT,4,2481,20210927140000000,
DCE.cs.HOT,-4,2944,20210927140000000,
DCE.y.HOT,5,9196,20210927140000000,
DCE.c.HOT,5,2483,20210927140500000,
DCE.cs.HOT,-5,2948,20210927140500000,
DCE.y.HOT,4,9172,20210927141500000,
DCE.m.HOT,4,3516,20210927142000000,
DCE.y.HOT,5,9164,20210927142000000,
DCE.m.HOT,5,3520,20210927142500000,
DCE.m.HOT,4,3523,20210927143500000,
DCE.y.HOT,4,9146,20210927143500000,
DCE.c.HOT,4,2484,20210927144000000,
DCE.m.HOT,5,3527,20210927144000000,
DCE.y.HOT,5,9112,20210927144000000,
DCE.c.HOT,5,2483,20210927144500000,
DCE.c.HOT,4,2483,20210927145000000,
DCE.c.HOT,5,2481,20210927145500000,
DCE.cs.HOT,-4,2946,20210927145500000,
DCE.cs.HOT,-5,2948,20210927150000000,
DCE.m.HOT,4,3537,20210927210500000,
DCE.m.HOT,5,3540,20210927211000000,
DCE.y.HOT,4,9060,20210927211000000,
DCE.c.HOT,4,2480,20210927211500000,
DCE.y.HOT,5,9058,20210927211500000,
DCE.c.HOT,5,2481,20210927212500000,
DCE.m.HOT,4,3543,20210927212500000,
DCE.m.HOT,5,3541,20210927213000000,
DCE.c.HOT,4,2482,20210927213500000,
DCE.c.HOT,5,2483,20210927214000000,
DCE.m.HOT,4,3539,20210927214000000,
DCE.m.HOT,5,3540,20210927214500000,
DCE.y.HOT,4,9052,20210927214500000,
DCE.c.HOT,4,2484,20210927215000000,
DCE.y.HOT,5,9046,20210927215000000,
DCE.c.HOT,5,2484,20210927220000000,
DCE.m.HOT,4,3544,20210927220000000,
DCE.m.HOT,5,3542,20210927220500000,
DCE.c.HOT,4,2484,20210927222000000,
DCE.c.HOT,5,2484,20210927222500000,
DCE.c.HOT,4,2485,20210927224000000,
DCE.c.HOT,5,2487,20210927225000000,
DCE.m.HOT,4,3544,20210927225500000,
DCE.m.HOT,5,3542,20210927230000000,
DCE.y.HOT,4,9052,20210927230000000,
DCE.y.HOT,5,9036,20210928090500000,
DCE.c.HOT,4,2488,20210928091000000,
DCE.c.HOT,5,2483,20210928091500000,
DCE.m.HOT,4,3511,20210928092000000,
DCE.m.HOT,5,3509,20210928092500000,
DCE.y.HOT,4,9010,20210928092500000,
DCE.cs.HOT,-4,2962,20210928093500000,
DCE.y.HOT,5,9020,20210928093500000,
DCE.cs.HOT,-5,2965,20210928094000000,
DCE.y.HOT,4,9006,20210928094500000,
DCE.y.HOT,5,9010,20210928095000000,
DCE.cs.HOT,-4,2964,20210928095500000,
DCE.m.HOT,4,3504,20210928095500000,
DCE.m.HOT,5,3501,20210928100000000,
DCE.cs.HOT,-5,2966,20210928101000000,
DCE.c.HOT,4,2479,20210928101500000,
DCE.c.HOT,5,2479,20210928103500000,
DCE.cs.HOT,-4,2965,20210928103500000,
DCE.cs.HOT,-5,2967,20210928104000000,
DCE.c.HOT,4,2477,20210928105500000,
DCE.m.HOT,4,3505,20210928105500000,
DCE.m.HOT,5,3504,20210928110000000,
DCE.c.HOT,5,2477,20210928110500000,
DCE.c.HOT,4,2476,20210928113000000,
DCE.y.HOT,4,9024,20210928113000000,
DCE.c.HOT,5,2480,20210928133500000,
DCE.y.HOT,5,9056,20210928133500000,
DCE.cs.HOT,-4,2964,20210928135000000,
DCE.cs.HOT,-5,2962,20210928135500000,
DCE.m.HOT,4,3502,20210928135500000,
DCE.cs.HOT,-4,2962,20210928140000000,
DCE.m.HOT,5,3499,20210928140000000,
DCE.c.HOT,4,2476,20210928140500000,
DCE.cs.HOT,-5,2961,20210928140500000,
DCE.c.HOT,5,2475,20210928141000000,
DCE.m.HOT,4,3493,20210928141500000,
DCE.y.HOT,4,9178,20210928142500000,
DCE.cs.HOT,-4,2965,20210928143000000,
DCE.m.HOT,5,3491,20210928143000000,
DCE.cs.HOT,-5,2963,20210928143500000,
DCE.y.HOT,5,9148,20210928143500000,
DCE.y.HOT,4,9154,20210928145000000,
DCE.c.HOT,4,2470,20210928145500000,
DCE.y.HOT,5,9164,20210928145500000,
DCE.c.HOT,5,2473,20210928150000000,
DCE.cs.HOT,-4,2964,20210928150000000,
DCE.y.HOT,4,9174,20210928150000000,
DCE.cs.HOT,-5,2985,20210928210500000,
DCE.y.HOT,5,9178,20210928210500000,
DCE.cs.HOT,-4,2981,20210928211500000,
DCE.c.HOT,4,2474,20210928212000000,
DCE.cs.HOT,-5,2974,20210928212000000,
DCE.c.HOT,5,2475,20210928212500000,
DCE.y.HOT,4,9208,20210928212500000,
DCE.y.HOT,5,9208,20210928213000000,
DCE.cs.HOT,-4,2975,20210928213500000,
DCE.m.HOT,4,3487,20210928213500000,
DCE.c.HOT,4,2474,20210928214000000,
DCE.cs.HOT,-5,2974,20210928214000000,
DCE.m.HOT,5,3489,20210928214000000,
DCE.c.HOT,5,2475,20210928214500000,
DCE.m.HOT,4,3480,20210928215500000,
DCE.y.HOT,4,9176,20210928215500000,
DCE.m.HOT,5,3483,20210928220000000,
DCE.y.HOT,5,9174,20210928220000000,
DCE.cs.HOT,-4,2981,20210928220500000,
DCE.y.HOT,4,9174,20210928220500000,
DCE.cs.HOT,-5,2977,20210928221000000,
DCE.y.HOT,5,9168,20210928221500000,
DCE.c.HOT,4,2474,20210928222000000,
DCE.c.HOT,5,2475,20210928222500000,
DCE.cs.HOT,-4,2983,20210928225000000,
DCE.cs.HOT,-5,2988,20210928225500000,
DCE.m.HOT,4,3481,20210928230000000,
DCE.m.HOT,5,3473,20210929091500000,
DCE.c.HOT,4,2474,20210929092500000,
DCE.m.HOT,4,3473,20210929092500000,
DCE.c.HOT,5,2473,20210929093000000,
DCE.m.HOT,5,3467,20210929093000000,
DCE.y.HOT,4,9086,20210929093500000,
DCE.m.HOT,4,3466,20210929094000000,
DCE.y.HOT,5,9084,20210929094000000,
DCE.m.HOT,5,3473,20210929094500000,
DCE.m.HOT,4,3474,20210929095500000,
DCE.cs.HOT,-4,3021,20210929100000000,
DCE.m.HOT,5,3472,20210929100000000,
DCE.cs.HOT,-5,3027,20210929100500000,
DCE.c.HOT,4,2470,20210929101000000,
DCE.cs.HOT,-4,3023,20210929101000000,
DCE.y.HOT,4,9116,20210929101000000,
DCE.c.HOT,5,2472,20210929101500000,
DCE.cs.HOT,-5,3021,20210929101500000,
DCE.m.HOT,4,3467,20210929101500000,
DCE.y.HOT,5,9108,20210929101500000,
DCE.m.HOT,5,3468,20210929103500000,
DCE.y.HOT,4,9096,20210929104000000,
DCE.cs.HOT,-4,3009,20210929104500000,
DCE.y.HOT,5,9082,20210929104500000,
DCE.cs.HOT,-5,3011,20210929105000000,
DCE.y.HOT,4,9078,20210929105000000,
DCE.m.HOT,4,3468,20210929105500000,
DCE.y.HOT,5,9088,20210929105500000,
DCE.c.HOT,4,2474,20210929110000000,
DCE.m.HOT,5,3467,20210929110000000,
DCE.c.HOT,5,2474,20210929110500000,
DCE.y.HOT,4,9066,20210929110500000,
DCE.y.HOT,5,9064,20210929111000000,
DCE.c.HOT,4,2474,20210929111500000,
DCE.y.HOT,4,9042,20210929111500000,
DCE.c.HOT,5,2475,20210929112000000,
DCE.y.HOT,5,9062,20210929112000000,
DCE.y.HOT,4,9044,20210929112500000,
DCE.y.HOT,5,9060,20210929113000000,
DCE.c.HOT,4,2477,20210929135500000,
DCE.y.HOT,4,9144,20210929135500000,
DCE.cs.HOT,-4,3015,20210929140000000,
DCE.y.HOT,5,9138,20210929140000000,
DCE.c.HOT,5,2478,20210929140500000,
DCE.cs.HOT,-5,3013,20210929141000000,
DCE.cs.HOT,-4,3014,20210929142500000,
DCE.m.HOT,4,3491,20210929142500000,
DCE.cs.HOT,-5,3015,20210929143000000,
DCE.m.HOT,5,3488,20210929143000000,
DCE.cs.HOT,-4,3017,20210929143500000,
DCE.m.HOT,4,3485,20210929143500000,
DCE.m.HOT,5,3485,20210929144000000,
DCE.cs.HOT,-5,3026,20210929144500000,
DCE.cs.HOT,-4,3021,20210929145000000,
DCE.cs.HOT,-5,3022,20210929145500000,
DCE.m.HOT,4,3478,20210929150000000,
DCE.m.HOT,5,3485,20210929210500000,
DCE.cs.HOT,-4,3016,20210929211000000,
DCE.cs.HOT,-5,3018,20210929211500000,
DCE.c.HOT,4,2472,20210929212500000,
DCE.m.HOT,4,3484,20210929212500000,
DCE.c.HOT,5,2474,20210929213000000,
DCE.cs.HOT,-4,3011,20210929213000000,
DCE.m.HOT,5,3486,20210929213000000,
DCE.y.HOT,4,9182,20210929213000000,
DCE.cs.HOT,-5,3016,20210929213500000,
DCE.m.HOT,4,3484,20210929213500000,
DCE.y.HOT,5,9154,20210929213500000,
DCE.m.HOT,5,3482,20210929215000000,
DCE.y.HOT,4,9148,20210929215000000,
DCE.cs.HOT,-4,3016,20210929215500000,
DCE.y.HOT,5,9178,20210929215500000,
DCE.cs.HOT,-5,3017,20210929220000000,
DCE.m.HOT,4,3484,20210929221000000,
DCE.m.HOT,5,3481,20210929221500000,
DCE.cs.HOT,-4,3023,20210929222500000,
DCE.m.HOT,4,3478,20210929222500000,
DCE.c.HOT,4,2478,20210929223000000,
DCE.cs.HOT,-5,3021,20210929223000000,
DCE.m.HOT,5,3476,20210929223000000,
DCE.m.HOT,4,3479,20210929223500000,
DCE.m.HOT,5,3482,20210929224000000,
DCE.c.HOT,5,2478,20210929224500000,
DCE.cs.HOT,-4,3022,20210929224500000,
DCE.cs.HOT,-5,3023,20210929225000000,
DCE.m.HOT,4,3479,20210929225500000,
DCE.y.HOT,4,9338,20210929225500000,
DCE.m.HOT,5,3476,20210929230000000,
DCE.y.HOT,5,9348,20210929230000000,
DCE.m.HOT,4,3475,20210930091000000,
DCE.m.HOT,5,3475,20210930092500000,
DCE.cs.HOT,-4,3026,20210930093000000,
DCE.c.HOT,4,2498,20210930093500000,
DCE.cs.HOT,-5,3020,20210930093500000,
DCE.y.HOT,4,9324,20210930093500000,
DCE.c.HOT,5,2498,20210930094000000,
DCE.y.HOT,5,9338,20210930094000000,
DCE.c.HOT,4,2499,20210930095500000,
DCE.cs.HOT,-4,3017,20210930095500000,
DCE.c.HOT,5,2501,20210930100000000,
DCE.cs.HOT,-5,3021,20210930100500000,
DCE.c.HOT,4,2501,20210930105000000,
DCE.m.HOT,4,3464,20210930105000000,
DCE.c.HOT,5,2502,20210930105500000,
DCE.m.HOT,5,3464,20210930105500000,
DCE.y.HOT,4,9344,20210930110500000,
DCE.m.HOT,4,3464,20210930111000000,
DCE.y.HOT,5,9352,20210930111000000,
DCE.cs.HOT,-4,3027,20210930111500000,
DCE.cs.HOT,-5,3029,20210930112000000,
DCE.m.HOT,5,3461,20210930112000000,
DCE.c.HOT,4,2513,20210930112500000,
DCE.cs.HOT,-4,3035,20210930112500000,
DCE.c.HOT,5,2515,20210930113000000,
DCE.cs.HOT,-5,3037,20210930113000000,
DCE.cs.HOT,-4,3029,20210930133500000,
DCE.cs.HOT,-5,3032,20210930134000000,
DCE.c.HOT,4,2505,20210930135000000,
DCE.cs.HOT,-4,3033,20210930135000000,
DCE.m.HOT,4,3470,20210930135000000,
DCE.c.HOT,5,2507,20210930135500000,
DCE.cs.HOT,-5,3029,20210930135500000,
DCE.m.HOT,5,3467,20210930135500000,
DCE.y.HOT,4,9312,20210930140500000,
DCE.y.HOT,5,9318,20210930141000000,
DCE.m.HOT,4,3474,20210930141500000,
DCE.m.HOT,5,3473,20210930142000000,
DCE.cs.HOT,-4,3030,20210930142500000,
DCE.cs.HOT,-5,3033,20210930143000000,
DCE.cs.HOT,-4,3036,20210930143500000,
DCE.cs.HOT,-5,3033,20210930144000000,
DCE.y.HOT,4,9344,20210930144000000,
DCE.y.HOT,5,9338,20210930144500000,
DCE.c.HOT,4,2507,20210930145000000,
DCE.y.HOT,4,9332,20210930145000000,
DCE.c.HOT,5,2512,20210930145500000,
DCE.y.HOT,5,9336,20210930145500000,
DCE.c.HOT,4,2491,20211008090500000,
DCE.c.HOT,5,2486,20211008091000000,
DCE.y.HOT,4,9782,20211008092500000,
DCE.m.HOT,4,3344,20211008093000000,
DCE.cs.HOT,-4,3016,20211008093500000,
DCE.m.HOT,5,3342,20211008093500000,
DCE.y.HOT,5,9790,20211008093500000,
DCE.cs.HOT,-5,3011,20211008094000000,
DCE.y.HOT,4,9764,20211008095500000,
DCE.y.HOT,5,9754,20211008100000000,
DCE.cs.HOT,-4,2972,20211008104000000,
DCE.m.HOT,4,3360,20211008104000000,
DCE.cs.HOT,-5,2973,20211008104500000,
DCE.m.HOT,5,3360,20211008104500000,
DCE.y.HOT,4,9668,20211008104500000,
DCE.cs.HOT,-4,2975,20211008105000000,
DCE.m.HOT,4,3356,20211008105000000,
DCE.y.HOT,5,9692,20211008105000000,
DCE.cs.HOT,-5,2972,20211008105500000,
DCE.m.HOT,5,3353,20211008105500000,
DCE.cs.HOT,-4,2982,20211008110000000,
DCE.m.HOT,4,3354,20211008110000000,
DCE.cs.HOT,-5,2975,20211008110500000,
DCE.m.HOT,5,3353,20211008110500000,
DCE.m.HOT,4,3353,20211008112000000,
DCE.m.HOT,5,3354,20211008112500000,
DCE.c.HOT,4,2488,20211008133500000,
DCE.c.HOT,5,2488,20211008134000000,
DCE.cs.HOT,-4,2978,20211008134000000,
DCE.c.HOT,4,2487,20211008134500000,
DCE.cs.HOT,-5,2975,20211008134500000,
DCE.y.HOT,4,9682,20211008134500000,
DCE.c.HOT,5,2489,20211008135000000,
DCE.y.HOT,5,9672,20211008135000000,
DCE.y.HOT,4,9710,20211008140000000,
DCE.cs.HOT,-4,2970,20211008140500000,
DCE.y.HOT,5,9728,20211008140500000,
DCE.cs.HOT,-5,2970,20211008141000000,
DCE.cs.HOT,-4,2974,20211008142000000,
DCE.cs.HOT,-5,2975,20211008142500000,
DCE.m.HOT,4,3351,20211008142500000,
DCE.m.HOT,5,3351,20211008143000000,
DCE.m.HOT,4,3346,20211008143500000,
DCE.cs.HOT,-4,2965,20211008144500000,
DCE.m.HOT,5,3344,20211008144500000,
DCE.c.HOT,4,2492,20211008145000000,
DCE.cs.HOT,-5,2961,20211008145000000,
DCE.c.HOT,5,2492,20211008145500000,
DCE.m.HOT,4,3361,20211008210500000,
DCE.m.HOT,5,3364,20211008211000000,
DCE.cs.HOT,-4,2981,20211008211500000,
DCE.cs.HOT,-5,2978,20211008212000000,
DCE.m.HOT,4,3365,20211008212000000,
DCE.cs.HOT,-4,2972,20211008212500000,
DCE.m.HOT,5,3364,20211008212500000,
DCE.cs.HOT,-5,2971,20211008213000000,
DCE.m.HOT,4,3364,20211008213000000,
DCE.m.HOT,5,3356,20211008213500000,
DCE.m.HOT,4,3354,20211008214000000,
DCE.m.HOT,5,3353,20211008214500000,
DCE.y.HOT,4,9812,20211008215000000,
DCE.cs.HOT,-4,2971,20211008215500000,
DCE.m.HOT,4,3356,20211008215500000,
DCE.cs.HOT,-5,2971,20211008220000000,
DCE.m.HOT,5,3354,20211008220000000,
DCE.y.HOT,5,9838,20211008220000000,
DCE.cs.HOT,-4,2970,20211008220500000,
DCE.m.HOT,4,3354,20211008220500000,
DCE.cs.HOT,-5,2970,20211008221000000,
DCE.m.HOT,5,3352,20211008221000000,
DCE.y.HOT,4,9840,20211008221500000,
DCE.y.HOT,5,9846,20211008222000000,
DCE.m.HOT,4,3355,20211008223000000,
DCE.m.HOT,5,3356,20211008223500000,
DCE.y.HOT,4,9820,20211008224000000,
DCE.y.HOT,5,9794,20211008224500000,
DCE.c.HOT,4,2502,20211008225000000,
DCE.cs.HOT,-4,2962,20211008225000000,
DCE.c.HOT,5,2500,20211008225500000,
DCE.cs.HOT,-5,2960,20211008225500000,
DCE.m.HOT,4,3331,20211011091500000,
DCE.c.HOT,4,2516,20211011092000000,
DCE.c.HOT,5,2525,20211011092500000,
DCE.m.HOT,5,3330,20211011092500000,
DCE.cs.HOT,-4,2990,20211011093000000,
DCE.cs.HOT,-5,2986,20211011093500000,
DCE.cs.HOT,-4,2984,20211011094000000,
DCE.c.HOT,4,2526,20211011094500000,
DCE.cs.HOT,-5,2988,20211011094500000,
DCE.c.HOT,5,2526,20211011095000000,
DCE.y.HOT,4,9746,20211011095500000,
DCE.y.HOT,5,9742,20211011100000000,
DCE.y.HOT,4,9742,20211011101000000,
DCE.m.HOT,4,3325,20211011103500000,
DCE.m.HOT,5,3330,20211011104000000,
DCE.y.HOT,5,9790,20211011104000000,
DCE.c.HOT,4,2541,20211011105000000,
DCE.y.HOT,4,9798,20211011105000000,
DCE.c.HOT,5,2541,20211011105500000,
DCE.cs.HOT,-4,2997,20211011105500000,
DCE.y.HOT,5,9814,20211011105500000,
DCE.cs.HOT,-5,2993,20211011111000000,
DCE.m.HOT,4,3328,20211011111000000,
DCE.m.HOT,5,3328,20211011112000000,
DCE.y.HOT,4,9870,20211011133500000,
DCE.y.HOT,5,9892,20211011134500000,
DCE.c.HOT,4,2543,20211011135000000,
DCE.c.HOT,5,2542,20211011135500000,
DCE.m.HOT,4,3318,20211011140000000,
DCE.m.HOT,5,3320,20211011140500000,
DCE.m.HOT,4,3321,20211011141000000,
DCE.c.HOT,4,2540,20211011141500000,
DCE.m.HOT,5,3318,20211011141500000,
DCE.y.HOT,4,9786,20211011142000000,
DCE.y.HOT,5,9768,20211011142500000,
DCE.c.HOT,5,2540,20211011143000000,
DCE.cs.HOT,-4,3000,20211011145500000,
DCE.c.HOT,4,2544,20211011150000000,
DCE.cs.HOT,-5,2995,20211011150000000,
DCE.c.HOT,5,2536,20211011210500000,
DCE.c.HOT,4,2532,20211011211000000,
DCE.c.HOT,5,2536,20211011211500000,
DCE.c.HOT,4,2533,20211011212000000,
DCE.m.HOT,4,3320,20211011212000000,
DCE.c.HOT,5,2535,20211011212500000,
DCE.m.HOT,5,3321,20211011212500000,
DCE.c.HOT,4,2535,20211011213500000,
DCE.cs.HOT,-4,2964,20211011213500000,
DCE.c.HOT,5,2539,20211011214000000,
DCE.cs.HOT,-5,2968,20211011214000000,
DCE.m.HOT,4,3317,20211011214000000,
DCE.m.HOT,5,3316,20211011214500000,
DCE.c.HOT,4,2533,20211011215500000,
DCE.cs.HOT,-4,2964,20211011215500000,
DCE.c.HOT,5,2536,20211011220000000,
DCE.cs.HOT,-5,2966,20211011220000000,
DCE.cs.HOT,-4,2963,20211011220500000,
DCE.cs.HOT,-5,2963,20211011221000000,
DCE.y.HOT,4,9790,20211011221000000,
DCE.cs.HOT,-4,2964,20211011221500000,
DCE.y.HOT,5,9780,20211011221500000,
DCE.cs.HOT,-5,2966,20211011222000000,
DCE.m.HOT,4,3315,20211011223000000,
DCE.m.HOT,5,3314,20211011223500000,
DCE.y.HOT,4,9842,20211011224000000,
DCE.y.HOT,5,9818,20211011224500000,
DCE.m.HOT,4,3300,20211011225000000,
DCE.m.HOT,5,3298,20211011225500000,
DCE.y.HOT,4,9826,20211011230000000,
DCE.y.HOT,5,9742,20211012090500000,
DCE.c.HOT,4,2538,20211012091000000,
DCE.c.HOT,5,2542,20211012091500000,
DCE.cs.HOT,-4,2988,20211012091500000,
DCE.m.HOT,4,3273,20211012091500000,
DCE.cs.HOT,-5,2992,20211012092000000,
DCE.m.HOT,5,3285,20211012092000000,
DCE.c.HOT,4,2541,20211012093000000,
DCE.c.HOT,5,2537,20211012094000000,
DCE.y.HOT,4,9674,20211012094000000,
DCE.y.HOT,5,9650,20211012094500000,
DCE.m.HOT,4,3308,20211012100500000,
DCE.y.HOT,4,9694,20211012100500000,
DCE.m.HOT,5,3309,20211012101000000,
DCE.y.HOT,5,9708,20211012101000000,
DCE.m.HOT,4,3311,20211012101500000,
DCE.m.HOT,5,3305,20211012103500000,
DCE.cs.HOT,-4,2980,20211012104500000,
DCE.cs.HOT,-5,2982,20211012105000000,
DCE.cs.HOT,-4,2983,20211012110000000,
DCE.m.HOT,4,3300,20211012110500000,
DCE.cs.HOT,-5,2982,20211012111000000,
DCE.m.HOT,5,3300,20211012111000000,
DCE.c.HOT,4,2534,20211012112000000,
DCE.m.HOT,4,3303,20211012112000000,
DCE.c.HOT,5,2536,20211012112500000,
DCE.c.HOT,4,2537,20211012113000000,
DCE.m.HOT,5,3303,20211012113000000,
DCE.c.HOT,5,2535,20211012133500000,
DCE.c.HOT,4,2541,20211012134500000,
DCE.cs.HOT,-4,2991,20211012135000000,
DCE.cs.HOT,-5,2988,20211012135500000,
DCE.c.HOT,5,2537,20211012140000000,
DCE.cs.HOT,-4,2989,20211012140000000,
DCE.m.HOT,4,3297,20211012140000000,
DCE.m.HOT,5,3295,20211012140500000,
DCE.y.HOT,4,9682,20211012140500000,
DCE.cs.HOT,-5,2987,20211012141000000,
DCE.y.HOT,5,9686,20211012141000000,
DCE.c.HOT,4,2535,20211012142000000,
DCE.c.HOT,5,2538,20211012142500000,
DCE.y.HOT,4,9678,20211012142500000,
DCE.c.HOT,4,2540,20211012143000000,
DCE.y.HOT,5,9664,20211012143000000,
DCE.c.HOT,5,2539,20211012143500000,
DCE.y.HOT,4,9678,20211012143500000,
DCE.cs.HOT,-4,2984,20211012144000000,
DCE.y.HOT,5,9678,20211012144500000,
DCE.m.HOT,4,3295,20211012145000000,
DCE.cs.HOT,-5,2992,20211012145500000,
DCE.m.HOT,5,3291,20211012145500000,
DCE.m.HOT,4,3299,20211012150000000,
DCE.m.HOT,5,3286,20211012210500000,
DCE.m.HOT,4,3290,20211012212500000,
DCE.c.HOT,4,2574,20211012213000000,
DCE.cs.HOT,-4,3079,20211012213000000,
DCE.m.HOT,5,3290,20211012213000000,
DCE.c.HOT,5,2574,20211012213500000,
DCE.cs.HOT,-5,3081,20211012213500000,
DCE.y.HOT,4,9682,20211012213500000,
DCE.y.HOT,5,9660,20211012214000000,
DCE.cs.HOT,-4,3066,20211012214500000,
DCE.cs.HOT,-5,3061,20211012215500000,
DCE.y.HOT,4,9692,20211012220000000,
DCE.y.HOT,5,9672,20211012220500000,
DCE.c.HOT,4,2561,20211012223000000,
DCE.m.HOT,3,3275,20211012223000000,
DCE.c.HOT,5,2563,20211012223500000,
DCE.m.HOT,5,3271,20211012223500000,
DCE.y.HOT,4,9566,20211012223500000,
DCE.y.HOT,5,9590,20211012224000000,
DCE.cs.HOT,-4,3057,20211012225500000,
DCE.y.HOT,4,9648,20211012225500000,
DCE.c.HOT,4,2564,20211012230000000,
DCE.cs.HOT,-5,3048,20211012230000000,
DCE.y.HOT,5,9638,20211012230000000,
DCE.c.HOT,5,2559,20211013090500000,
DCE.cs.HOT,-4,3036,20211013090500000,
DCE.cs.HOT,-5,3045,20211013091000000,
DCE.cs.HOT,-4,3041,20211013092000000,
DCE.cs.HOT,-5,3033,20211013092500000,
DCE.c.HOT,4,2556,20211013093500000,
DCE.cs.HOT,-4,3034,20211013093500000,
DCE.m.HOT,4,3251,20211013093500000,
DCE.c.HOT,5,2557,20211013094000000,
DCE.cs.HOT,-5,3038,20211013094000000,
DCE.m.HOT,5,3253,20211013094000000,
DCE.y.HOT,4,9642,20211013094000000,
DCE.cs.HOT,-4,3034,20211013095000000,
DCE.y.HOT,5,9592,20211013095000000,
DCE.m.HOT,4,3265,20211013095500000,
DCE.c.HOT,4,2553,20211013100000000,
DCE.cs.HOT,-5,3032,20211013100000000,
DCE.m.HOT,5,3259,20211013100000000,
DCE.c.HOT,5,2553,20211013100500000,
DCE.c.HOT,4,2544,20211013101500000,
DCE.c.HOT,5,2528,20211013103500000,
DCE.cs.HOT,-4,3015,20211013104500000,
DCE.m.HOT,4,3254,20211013104500000,
DCE.cs.HOT,-5,2999,20211013105000000,
DCE.m.HOT,5,3253,20211013105000000,
DCE.y.HOT,4,9582,20211013105000000,
DCE.y.HOT,5,9612,20211013105500000,
DCE.y.HOT,4,9626,20211013110000000,
DCE.y.HOT,5,9654,20211013110500000,
DCE.c.HOT,4,2545,20211013111500000,
DCE.c.HOT,5,2551,20211013112000000,
DCE.cs.HOT,-4,3002,20211013112500000,
DCE.cs.HOT,-5,3005,20211013113000000,
DCE.y.HOT,4,9694,20211013133500000,
DCE.m.HOT,4,3254,20211013134000000,
DCE.y.HOT,5,9686,20211013134000000,
DCE.m.HOT,5,3253,20211013134500000,
DCE.c.HOT,4,2552,20211013140000000,
DCE.cs.HOT,-4,3010,20211013140000000,
DCE.c.HOT,5,2555,20211013140500000,
DCE.cs.HOT,-5,3014,20211013140500000,
DCE.cs.HOT,-4,3011,20211013141500000,
DCE.y.HOT,4,9706,20211013141500000,
DCE.cs.HOT,-5,3008,20211013142000000,
DCE.y.HOT,5,9706,20211013142000000,
DCE.c.HOT,4,2550,20211013142500000,
DCE.c.HOT,5,2548,20211013143000000,
DCE.cs.HOT,-4,3009,20211013143000000,
DCE.c.HOT,4,2549,20211013143500000,
DCE.cs.HOT,-5,3009,20211013143500000,
DCE.c.HOT,5,2547,20211013144000000,
DCE.m.HOT,4,3238,20211013145500000,
DCE.cs.HOT,-4,3021,20211013150000000,
DCE.m.HOT,5,3236,20211013150000000,
DCE.c.HOT,4,2548,20211013210500000,
DCE.cs.HOT,-5,2996,20211013210500000,
DCE.c.HOT,5,2552,20211013211000000,
DCE.cs.HOT,-4,2990,20211013212000000,
DCE.cs.HOT,-5,3003,20211013212500000,
DCE.cs.HOT,-4,3016,20211013213500000,
DCE.cs.HOT,-5,3011,20211013214000000,
DCE.m.HOT,4,3217,20211013214500000,
DCE.m.HOT,5,3213,20211013215000000,
DCE.c.HOT,4,2538,20211013220000000,
DCE.c.HOT,5,2535,20211013221000000,
DCE.y.HOT,4,9556,20211013221000000,
DCE.y.HOT,5,9550,20211013221500000,
DCE.m.HOT,4,3209,20211013224000000,
DCE.m.HOT,5,3206,20211013224500000,
DCE.cs.HOT,-4,2990,20211013230000000,
DCE.y.HOT,4,9496,20211013230000000,
DCE.cs.HOT,-5,2980,20211014090500000,
DCE.y.HOT,5,9552,20211014090500000,
DCE.cs.HOT,-4,2991,20211014092500000,
DCE.cs.HOT,-5,2983,20211014093000000,
DCE.cs.HOT,-4,2985,20211014094500000,
DCE.cs.HOT,-5,2985,20211014095000000,
DCE.c.HOT,4,2535,20211014101000000,
DCE.c.HOT,5,2537,20211014103500000,
DCE.m.HOT,4,3253,20211014103500000,
DCE.y.HOT,4,9572,20211014103500000,
DCE.cs.HOT,-4,2973,20211014104000000,
DCE.m.HOT,5,3254,20211014104000000,
DCE.y.HOT,5,9554,20211014104000000,
DCE.cs.HOT,-5,2973,20211014104500000,
DCE.c.HOT,4,2538,20211014105000000,
DCE.m.HOT,4,3247,20211014105000000,
DCE.c.HOT,5,2538,20211014105500000,
DCE.m.HOT,5,3248,20211014105500000,
DCE.cs.HOT,-4,2978,20211014111000000,
DCE.cs.HOT,-5,2977,20211014111500000,
DCE.y.HOT,4,9598,20211014133500000,
DCE.y.HOT,5,9590,20211014134000000,
DCE.c.HOT,4,2535,20211014134500000,
DCE.m.HOT,4,3248,20211014134500000,
DCE.c.HOT,5,2535,20211014135000000,
DCE.m.HOT,5,3247,20211014135000000,
DCE.cs.HOT,-4,2981,20211014140500000,
DCE.cs.HOT,-5,2982,20211014141000000,
DCE.y.HOT,4,9558,20211014142000000,
DCE.y.HOT,5,9572,20211014142500000,
DCE.c.HOT,4,2529,20211014143000000,
DCE.c.HOT,5,2528,20211014143500000,
DCE.cs.HOT,-3,2986,20211014143500000,
DCE.cs.HOT,-5,2985,20211014144000000,
DCE.cs.HOT,-4,2984,20211014144500000,
DCE.y.HOT,4,9566,20211014144500000,
DCE.cs.HOT,-5,2988,20211014145000000,
DCE.y.HOT,5,9558,20211014145000000,
DCE.cs.HOT,-4,2985,20211014150000000,
DCE.cs.HOT,-5,3029,20211014210500000,
DCE.m.HOT,4,3273,20211014210500000,
DCE.c.HOT,4,2553,20211014211500000,
DCE.cs.HOT,-4,3047,20211014211500000,
DCE.m.HOT,5,3274,20211014211500000,
DCE.cs.HOT,-5,3048,20211014212000000,
DCE.m.HOT,4,3274,20211014212000000,
DCE.c.HOT,5,2551,20211014212500000,
DCE.m.HOT,5,3268,20211014212500000,
DCE.m.HOT,4,3268,20211014213000000,
DCE.m.HOT,5,3257,20211014213500000,
DCE.m.HOT,4,3253,20211014214000000,
DCE.y.HOT,4,9594,20211014214000000,
DCE.c.HOT,4,2543,20211014214500000,
DCE.m.HOT,5,3250,20211014214500000,
DCE.y.HOT,5,9602,20211014215000000,
DCE.c.HOT,5,2546,20211014215500000,
DCE.cs.HOT,-4,3040,20211014220000000,
DCE.y.HOT,4,9598,20211014220000000,
DCE.y.HOT,5,9596,20211014220500000,
DCE.cs.HOT,-5,3038,20211014221000000,
DCE.m.HOT,4,3256,20211014221500000,
DCE.c.HOT,4,2549,20211014222000000,
DCE.m.HOT,5,3257,20211014222000000,
DCE.c.HOT,5,2549,20211014222500000,
DCE.cs.HOT,-4,3039,20211014222500000,
DCE.cs.HOT,-5,3043,20211014223000000,
DCE.cs.HOT,-4,3040,20211014224000000,
DCE.y.HOT,4,9566,20211014224000000,
DCE.cs.HOT,-5,3041,20211014224500000,
DCE.y.HOT,5,9574,20211014224500000,
DCE.c.HOT,4,2550,20211014230000000,
DCE.m.HOT,4,3259,20211014230000000,
DCE.y.HOT,4,9634,20211014230000000,
DCE.c.HOT,5,2550,20211015090500000,
DCE.m.HOT,5,3258,20211015091000000,
DCE.y.HOT,5,9640,20211015091000000,
DCE.y.HOT,4,9672,20211015093500000,
DCE.c.HOT,4,2556,20211015094500000,
DCE.y.HOT,5,9642,20211015094500000,
DCE.c.HOT,5,2554,20211015095000000,
DCE.m.HOT,4,3260,20211015095500000,
DCE.m.HOT,5,3263,20211015100000000,
DCE.m.HOT,4,3256,20211015104500000,
DCE.m.HOT,5,3254,20211015105000000,
DCE.m.HOT,4,3256,20211015110000000,
DCE.m.HOT,5,3256,20211015110500000,
DCE.y.HOT,4,9700,20211015134500000,
DCE.cs.HOT,-4,3051,20211015135000000,
DCE.y.HOT,5,9688,20211015135000000,
DCE.cs.HOT,-5,3050,20211015135500000,
DCE.m.HOT,4,3258,20211015140500000,
DCE.c.HOT,4,2558,20211015141000000,
DCE.m.HOT,5,3257,20211015141000000,
DCE.c.HOT,5,2560,20211015141500000,
DCE.y.HOT,4,9694,20211015142000000,
DCE.y.HOT,5,9698,20211015142500000,
DCE.c.HOT,4,2561,20211015143000000,
DCE.cs.HOT,-4,3051,20211015143000000,
DCE.c.HOT,5,2563,20211015143500000,
DCE.cs.HOT,-5,3054,20211015143500000,
DCE.c.HOT,4,2563,20211015144000000,
DCE.c.HOT,5,2564,20211015144500000,
DCE.cs.HOT,-4,3058,20211015150000000,
DCE.cs.HOT,-5,3051,20211015210500000,
DCE.y.HOT,4,9700,20211015210500000,
DCE.c.HOT,4,2558,20211015211000000,
DCE.y.HOT,5,9694,20211015211000000,
DCE.c.HOT,5,2555,20211015211500000,
DCE.cs.HOT,-4,3037,20211015212000000,
DCE.cs.HOT,-5,3042,20211015212500000,
DCE.cs.HOT,-4,3044,20211015213000000,
DCE.cs.HOT,-5,3044,20211015213500000,
DCE.m.HOT,4,3265,20211015214500000,
DCE.y.HOT,4,9738,20211015215500000,
DCE.m.HOT,5,3269,20211015220000000,
DCE.y.HOT,5,9766,20211015220000000,
DCE.c.HOT,4,2554,20211015220500000,
DCE.y.HOT,4,9710,20211015221000000,
DCE.c.HOT,5,2554,20211015221500000,
DCE.y.HOT,5,9726,20211015221500000,
DCE.y.HOT,4,9706,20211015222000000,
DCE.cs.HOT,-4,3070,20211015223000000,
DCE.y.HOT,5,9702,20211015223000000,
DCE.cs.HOT,-5,3072,20211015224000000,
DCE.cs.HOT,-4,3070,20211015230000000,
DCE.cs.HOT,-5,3062,20211018090500000,
DCE.y.HOT,4,9832,20211018090500000,
DCE.cs.HOT,-4,3057,20211018091000000,
DCE.y.HOT,5,9876,20211018091000000,
DCE.cs.HOT,-5,3056,20211018091500000,
DCE.y.HOT,4,9840,20211018092000000,
DCE.m.HOT,4,3250,20211018092500000,
DCE.c.HOT,4,2553,20211018093000000,
DCE.m.HOT,5,3252,20211018093000000,
DCE.y.HOT,5,9834,20211018093000000,
DCE.c.HOT,5,2550,20211018093500000,
DCE.m.HOT,4,3255,20211018093500000,
DCE.cs.HOT,-4,3062,20211018094000000,
DCE.m.HOT,5,3257,20211018094000000,
DCE.c.HOT,4,2553,20211018094500000,
DCE.cs.HOT,-5,3062,20211018094500000,
DCE.c.HOT,5,2549,20211018095000000,
DCE.m.HOT,4,3258,20211018095500000,
DCE.y.HOT,4,9724,20211018100000000,
DCE.m.HOT,5,3257,20211018100500000,
DCE.y.HOT,5,9720,20211018101000000,
DCE.cs.HOT,-4,3066,20211018101500000,
DCE.cs.HOT,-5,3070,20211018103500000,
DCE.cs.HOT,-4,3078,20211018104000000,
DCE.cs.HOT,-5,3079,20211018104500000,
DCE.y.HOT,4,9802,20211018104500000,
DCE.c.HOT,4,2551,20211018105000000,
DCE.y.HOT,5,9824,20211018105000000,
DCE.m.HOT,4,3240,20211018105500000,
DCE.c.HOT,5,2549,20211018110000000,
DCE.m.HOT,5,3242,20211018110000000,
DCE.cs.HOT,-4,3079,20211018111000000,
DCE.y.HOT,4,9816,20211018111000000,
DCE.cs.HOT,-5,3076,20211018111500000,
DCE.m.HOT,4,3243,20211018111500000,
DCE.y.HOT,5,9802,20211018111500000,
DCE.m.HOT,5,3241,20211018112000000,
DCE.m.HOT,4,3239,20211018112500000,
DCE.c.HOT,4,2550,20211018113000000,
DCE.m.HOT,5,3238,20211018113000000,
DCE.c.HOT,5,2550,20211018133500000,
DCE.y.HOT,4,9834,20211018134000000,
DCE.cs.HOT,-4,3089,20211018134500000,
DCE.m.HOT,4,3238,20211018134500000,
DCE.y.HOT,5,9834,20211018134500000,
DCE.c.HOT,4,2545,20211018135000000,
DCE.cs.HOT,-5,3085,20211018135000000,
DCE.m.HOT,5,3236,20211018135000000,
DCE.c.HOT,5,2545,20211018135500000,
DCE.cs.HOT,-4,3088,20211018135500000,
DCE.cs.HOT,-5,3086,20211018140000000,
DCE.m.HOT,4,3235,20211018140000000,
DCE.m.HOT,5,3231,20211018140500000,
DCE.c.HOT,4,2546,20211018141000000,
DCE.m.HOT,4,3232,20211018141000000,
DCE.cs.HOT,-4,3072,20211018141500000,
DCE.m.HOT,5,3233,20211018141500000,
DCE.c.HOT,5,2543,20211018142000000,
DCE.cs.HOT,-5,3062,20211018142000000,
DCE.cs.HOT,-4,3057,20211018144500000,
DCE.c.HOT,4,2544,20211018145000000,
DCE.cs.HOT,-5,3071,20211018145000000,
DCE.m.HOT,4,3228,20211018145000000,
DCE.c.HOT,5,2544,20211018145500000,
DCE.m.HOT,5,3228,20211018145500000,
DCE.cs.HOT,-4,3070,20211018150000000,
DCE.cs.HOT,-5,3072,20211018210500000,
DCE.cs.HOT,-4,3092,20211018211500000,
DCE.cs.HOT,-5,3091,20211018212000000,
DCE.y.HOT,4,9878,20211018212000000,
DCE.y.HOT,5,9838,20211018212500000,
DCE.y.HOT,4,9822,20211018214000000,
DCE.c.HOT,4,2548,20211018214500000,
DCE.y.HOT,5,9846,20211018215000000,
DCE.c.HOT,5,2550,20211018215500000,
DCE.m.HOT,4,3214,20211018220500000,
DCE.m.HOT,5,3217,20211018221000000,
DCE.y.HOT,4,9838,20211018221000000,
DCE.y.HOT,5,9870,20211018221500000,
DCE.cs.HOT,-4,3092,20211018222000000,
DCE.cs.HOT,-5,3089,20211018222500000,
DCE.cs.HOT,-4,3089,20211018224000000,
DCE.c.HOT,4,2549,20211018224500000,
DCE.cs.HOT,-5,3087,20211018224500000,
DCE.m.HOT,4,3220,20211018224500000,
DCE.c.HOT,5,2549,20211018225000000,
DCE.cs.HOT,-4,3083,20211018225000000,
DCE.cs.HOT,-5,3084,20211018225500000,
DCE.m.HOT,5,3222,20211018225500000,
DCE.c.HOT,4,2548,20211018230000000,
DCE.c.HOT,5,2543,20211019090500000,
DCE.y.HOT,4,9892,20211019092000000,
DCE.y.HOT,5,9906,20211019092500000,
DCE.cs.HOT,-4,3089,20211019094500000,
DCE.cs.HOT,-5,3083,20211019095000000,
DCE.cs.HOT,-4,3103,20211019100500000,
DCE.cs.HOT,-5,3119,20211019101000000,
DCE.cs.HOT,-4,3150,20211019103500000,
DCE.y.HOT,4,9934,20211019103500000,
DCE.cs.HOT,-5,3152,20211019104000000,
DCE.y.HOT,5,9944,20211019104000000,
DCE.y.HOT,4,9936,20211019105500000,
DCE.c.HOT,4,2565,20211019110000000,
DCE.cs.HOT,-4,3150,20211019110000000,
DCE.m.HOT,4,3232,20211019110000000,
DCE.y.HOT,5,9902,20211019110000000,
DCE.c.HOT,5,2568,20211019110500000,
DCE.cs.HOT,-5,3160,20211019110500000,
DCE.m.HOT,5,3233,20211019111000000,
DCE.cs.HOT,-4,3176,20211019112000000,
DCE.m.HOT,4,3235,20211019112000000,
DCE.cs.HOT,-5,3195,20211019112500000,
DCE.m.HOT,5,3235,20211019112500000,
DCE.cs.HOT,-4,3186,20211019133500000,
DCE.cs.HOT,-5,3188,20211019134000000,
DCE.c.HOT,4,2564,20211019134500000,
DCE.cs.HOT,-4,3202,20211019134500000,
DCE.c.HOT,5,2562,20211019135000000,
DCE.cs.HOT,-5,3199,20211019135000000,
DCE.y.HOT,4,9970,20211019135000000,
DCE.y.HOT,5,9986,20211019140000000,
DCE.c.HOT,4,2563,20211019140500000,
DCE.y.HOT,4,9990,20211019140500000,
DCE.c.HOT,5,2561,20211019141000000,
DCE.y.HOT,5,9986,20211019141000000,
DCE.cs.HOT,-4,3195,20211019142000000,
DCE.cs.HOT,-5,3196,20211019142500000,
DCE.y.HOT,4,9986,20211019142500000,
DCE.y.HOT,5,9990,20211019143000000,
DCE.cs.HOT,-4,3210,20211019143500000,
DCE.cs.HOT,-5,3220,20211019144000000,
DCE.m.HOT,4,3230,20211019144000000,
DCE.m.HOT,5,3224,20211019144500000,
DCE.y.HOT,4,10006,20211019144500000,
DCE.cs.HOT,-4,3220,20211019145000000,
DCE.y.HOT,5,10000,20211019145000000,
DCE.cs.HOT,-5,3233,20211019150000000,
DCE.y.HOT,4,9982,20211019211500000,
DCE.m.HOT,4,3252,20211019212000000,
DCE.y.HOT,5,9954,20211019212000000,
DCE.m.HOT,5,3249,20211019212500000,
DCE.y.HOT,4,9856,20211019213000000,
DCE.y.HOT,5,9894,20211019213500000,
DCE.cs.HOT,-4,3171,20211019214000000,
DCE.c.HOT,4,2554,20211019214500000,
DCE.cs.HOT,-5,3179,20211019214500000,
DCE.m.HOT,4,3237,20211019214500000,
DCE.c.HOT,5,2553,20211019215000000,
DCE.m.HOT,5,3241,20211019215000000,
DCE.y.HOT,4,9850,20211019215000000,
DCE.y.HOT,5,9890,20211019215500000,
DCE.cs.HOT,-4,3180,20211019220000000,
DCE.cs.HOT,-5,3175,20211019220500000,
DCE.c.HOT,4,2563,20211019221500000,
DCE.m.HOT,4,3243,20211019221500000,
DCE.y.HOT,4,9908,20211019221500000,
DCE.c.HOT,5,2561,20211019222000000,
DCE.m.HOT,5,3239,20211019222000000,
DCE.y.HOT,5,9920,20211019222000000,
DCE.cs.HOT,-4,3167,20211019223500000,
DCE.c.HOT,4,2562,20211019224000000,
DCE.cs.HOT,-5,3164,20211019224000000,
DCE.c.HOT,5,2562,20211019224500000,
DCE.m.HOT,4,3262,20211019224500000,
DCE.cs.HOT,-4,3160,20211019225000000,
DCE.m.HOT,5,3261,20211019225000000,
DCE.cs.HOT,-5,3171,20211019225500000,
DCE.cs.HOT,-4,3176,20211020090500000,
DCE.cs.HOT,-5,3172,20211020091000000,
DCE.y.HOT,4,9916,20211020091000000,
DCE.y.HOT,5,9916,20211020091500000,
DCE.cs.HOT,-4,3175,20211020094500000,
DCE.cs.HOT,-5,3187,20211020095000000,
DCE.m.HOT,4,3255,20211020095000000,
DCE.m.HOT,5,3260,20211020095500000,
DCE.cs.HOT,-4,3216,20211020100500000,
DCE.m.HOT,4,3260,20211020100500000,
DCE.m.HOT,5,3257,20211020101000000,
DCE.c.HOT,4,2566,20211020101500000,
DCE.c.HOT,5,2563,20211020103500000,
DCE.cs.HOT,-5,3206,20211020103500000,
DCE.y.HOT,4,9924,20211020103500000,
DCE.m.HOT,4,3253,20211020104000000,
DCE.y.HOT,5,9924,20211020104000000,
DCE.m.HOT,5,3250,20211020104500000,
DCE.y.HOT,4,9926,20211020105000000,
DCE.y.HOT,5,9942,20211020110000000,
DCE.c.HOT,4,2565,20211020110500000,
DCE.c.HOT,5,2566,20211020111000000,
DCE.m.HOT,4,3248,20211020111500000,
DCE.cs.HOT,-4,3176,20211020112500000,
DCE.m.HOT,5,3250,20211020112500000,
DCE.cs.HOT,-5,3172,20211020113000000,
DCE.m.HOT,4,3251,20211020133500000,
DCE.c.HOT,4,2566,20211020134000000,
DCE.m.HOT,5,3249,20211020134000000,
DCE.c.HOT,5,2566,20211020134500000,
DCE.cs.HOT,-4,3181,20211020135000000,
DCE.cs.HOT,-5,3180,20211020135500000,
DCE.c.HOT,4,2568,20211020140500000,
DCE.c.HOT,5,2568,20211020141000000,
DCE.y.HOT,4,10004,20211020141500000,
DCE.y.HOT,5,10022,20211020142000000,
DCE.m.HOT,4,3245,20211020142500000,
DCE.y.HOT,4,10016,20211020142500000,
DCE.m.HOT,5,3247,20211020143000000,
DCE.y.HOT,5,10022,20211020143000000,
DCE.c.HOT,4,2568,20211020150000000,
DCE.m.HOT,4,3237,20211020150000000,
DCE.c.HOT,5,2578,20211020210500000,
DCE.cs.HOT,-4,3206,20211020210500000,
DCE.m.HOT,5,3246,20211020210500000,
DCE.y.HOT,4,10192,20211020210500000,
DCE.c.HOT,4,2581,20211020211000000,
DCE.cs.HOT,-5,3219,20211020211000000,
DCE.m.HOT,4,3247,20211020211000000,
DCE.y.HOT,5,10238,20211020211000000,
DCE.c.HOT,5,2580,20211020211500000,
DCE.cs.HOT,-4,3207,20211020211500000,
DCE.m.HOT,3,3247,20211020211500000,
DCE.y.HOT,4,10288,20211020211500000,
DCE.cs.HOT,-5,3197,20211020212000000,
DCE.m.HOT,5,3242,20211020212000000,
DCE.y.HOT,5,10270,20211020212000000,
DCE.m.HOT,4,3241,20211020213000000,
DCE.m.HOT,5,3246,20211020213500000,
DCE.y.HOT,4,10320,20211020213500000,
DCE.y.HOT,5,10284,20211020214000000,
DCE.m.HOT,4,3247,20211020215000000,
DCE.y.HOT,4,10256,20211020215500000,
DCE.m.HOT,5,3261,20211020220000000,
DCE.y.HOT,5,10238,20211020220000000,
DCE.cs.HOT,-4,3179,20211020221000000,
DCE.cs.HOT,-5,3172,20211020221500000,
DCE.c.HOT,4,2577,20211020222000000,
DCE.y.HOT,4,10228,20211020222500000,
DCE.y.HOT,5,10242,20211020223000000,
DCE.c.HOT,5,2579,20211020223500000,
DCE.c.HOT,4,2579,20211020224000000,
DCE.c.HOT,5,2578,20211020225000000,
DCE.c.HOT,4,2580,20211020230000000,
DCE.c.HOT,5,2584,20211021090500000,
DCE.y.HOT,4,10330,20211021090500000,
DCE.cs.HOT,-4,3181,20211021091000000,
DCE.y.HOT,5,10346,20211021091000000,
DCE.cs.HOT,-5,3185,20211021091500000,
DCE.m.HOT,4,3239,20211021091500000,
DCE.m.HOT,5,3239,20211021092000000,
DCE.m.HOT,4,3250,20211021092500000,
DCE.c.HOT,4,2588,20211021093000000,
DCE.c.HOT,5,2588,20211021093500000,
DCE.m.HOT,5,3245,20211021093500000,
DCE.y.HOT,4,10342,20211021093500000,
DCE.y.HOT,5,10342,20211021094000000,
DCE.c.HOT,4,2587,20211021094500000,
DCE.y.HOT,4,10354,20211021095000000,
DCE.c.HOT,5,2588,20211021095500000,
DCE.y.HOT,5,10374,20211021095500000,
DCE.c.HOT,4,2586,20211021100500000,
DCE.m.HOT,4,3236,20211021100500000,
DCE.c.HOT,5,2585,20211021101000000,
DCE.m.HOT,5,3237,20211021101000000,
DCE.c.HOT,4,2589,20211021104000000,
DCE.m.HOT,4,3244,20211021104000000,
DCE.c.HOT,5,2591,20211021104500000,
DCE.m.HOT,5,3246,20211021104500000,
DCE.cs.HOT,-4,3169,20211021110000000,
DCE.cs.HOT,-5,3169,20211021110500000,
DCE.c.HOT,4,2588,20211021111000000,
DCE.c.HOT,5,2589,20211021111500000,
DCE.y.HOT,4,10244,20211021134000000,
DCE.y.HOT,5,10266,20211021134500000,
DCE.m.HOT,4,3261,20211021135500000,
DCE.c.HOT,4,2585,20211021140000000,
DCE.m.HOT,5,3251,20211021140000000,
DCE.c.HOT,5,2587,20211021140500000,
DCE.cs.HOT,-4,3175,20211021140500000,
DCE.y.HOT,4,10240,20211021140500000,
DCE.cs.HOT,-5,3176,20211021141000000,
DCE.y.HOT,5,10244,20211021141000000,
DCE.c.HOT,4,2585,20211021141500000,
DCE.m.HOT,4,3253,20211021141500000,
DCE.y.HOT,4,10260,20211021141500000,
DCE.c.HOT,5,2586,20211021142000000,
DCE.y.HOT,5,10292,20211021142000000,
DCE.m.HOT,5,3251,20211021142500000,
DCE.m.HOT,4,3256,20211021143000000,
DCE.cs.HOT,-4,3176,20211021143500000,
DCE.m.HOT,5,3258,20211021143500000,
DCE.y.HOT,4,10258,20211021143500000,
DCE.cs.HOT,-5,3141,20211021144000000,
DCE.y.HOT,5,10270,20211021144000000,
DCE.c.HOT,4,2574,20211021144500000,
DCE.c.HOT,5,2572,20211021145000000,
DCE.y.HOT,4,10236,20211021145000000,
DCE.y.HOT,5,10198,20211021145500000,
DCE.m.HOT,4,3241,20211021211000000,
DCE.cs.HOT,-4,3170,20211021211500000,
DCE.m.HOT,5,3243,20211021211500000,
DCE.cs.HOT,-5,3176,20211021212000000,
DCE.m.HOT,4,3248,20211021212000000,
DCE.cs.HOT,-4,3168,20211021212500000,
DCE.m.HOT,5,3260,20211021212500000,
DCE.cs.HOT,-5,3155,20211021213000000,
DCE.y.HOT,4,9978,20211021213000000,
DCE.y.HOT,5,9984,20211021213500000,
DCE.c.HOT,4,2570,20211021214000000,
DCE.c.HOT,5,2563,20211021214500000,
DCE.c.HOT,4,2565,20211021215000000,
DCE.y.HOT,4,9930,20211021215000000,
DCE.c.HOT,5,2567,20211021215500000,
DCE.y.HOT,5,9932,20211021215500000,
DCE.y.HOT,4,9942,20211021221500000,
DCE.c.HOT,4,2565,20211021222000000,
DCE.y.HOT,5,9942,20211021222000000,
DCE.c.HOT,5,2563,20211021222500000,
DCE.y.HOT,4,9900,20211021224000000,
DCE.cs.HOT,-4,3167,20211021224500000,
DCE.m.HOT,4,3280,20211021225000000,
DCE.y.HOT,5,9918,20211021225000000,
DCE.cs.HOT,-5,3167,20211021225500000,
DCE.m.HOT,5,3281,20211021225500000,
DCE.c.HOT,4,2569,20211021230000000,
DCE.c.HOT,5,2567,20211022090500000,
DCE.y.HOT,4,9914,20211022090500000,
DCE.c.HOT,4,2568,20211022091000000,
DCE.c.HOT,5,2565,20211022091500000,
DCE.y.HOT,5,9928,20211022091500000,
DCE.m.HOT,4,3270,20211022092500000,
DCE.y.HOT,4,9940,20211022092500000,
DCE.c.HOT,4,2568,20211022093000000,
DCE.m.HOT,5,3270,20211022093000000,
DCE.y.HOT,5,9918,20211022093000000,
DCE.c.HOT,5,2573,20211022093500000,
DCE.cs.HOT,-4,3163,20211022093500000,
DCE.cs.HOT,-5,3162,20211022094000000,
DCE.m.HOT,4,3270,20211022094000000,
DCE.cs.HOT,-4,3160,20211022094500000,
DCE.m.HOT,5,3270,20211022094500000,
DCE.y.HOT,4,9856,20211022094500000,
DCE.c.HOT,4,2572,20211022095000000,
DCE.cs.HOT,-5,3166,20211022095000000,
DCE.y.HOT,5,9856,20211022095000000,
DCE.c.HOT,5,2574,20211022095500000,
DCE.y.HOT,4,9868,20211022095500000,
DCE.cs.HOT,-4,3176,20211022100000000,
DCE.y.HOT,5,9852,20211022100000000,
DCE.cs.HOT,-5,3173,20211022100500000,
DCE.y.HOT,4,9860,20211022100500000,
DCE.c.HOT,4,2575,20211022101000000,
DCE.m.HOT,4,3275,20211022101000000,
DCE.y.HOT,5,9830,20211022101000000,
DCE.c.HOT,5,2571,20211022101500000,
DCE.m.HOT,5,3275,20211022101500000,
DCE.cs.HOT,-4,3167,20211022103500000,
DCE.cs.HOT,-5,3167,20211022104000000,
DCE.c.HOT,4,2565,20211022105000000,
DCE.c.HOT,5,2568,20211022105500000,
DCE.y.HOT,4,9758,20211022110000000,
DCE.c.HOT,4,2564,20211022111000000,
DCE.m.HOT,4,3278,20211022111000000,
DCE.c.HOT,5,2565,20211022111500000,
DCE.m.HOT,5,3280,20211022111500000,
DCE.y.HOT,5,9840,20211022111500000,
DCE.c.HOT,4,2568,20211022112500000,
DCE.m.HOT,4,3283,20211022112500000,
DCE.c.HOT,5,2567,20211022113000000,
DCE.y.HOT,4,9838,20211022113000000,
DCE.m.HOT,5,3284,20211022133500000,
DCE.y.HOT,5,9814,20211022133500000,
DCE.m.HOT,4,3279,20211022134000000,
DCE.m.HOT,5,3282,20211022134500000,
DCE.cs.HOT,-4,3181,20211022140500000,
DCE.m.HOT,4,3272,20211022140500000,
DCE.y.HOT,4,9766,20211022140500000,
DCE.cs.HOT,-5,3182,20211022141000000,
DCE.m.HOT,5,3270,20211022141000000,
DCE.m.HOT,4,3275,20211022141500000,
DCE.cs.HOT,-4,3184,20211022142000000,
DCE.m.HOT,5,3273,20211022142000000,
DCE.y.HOT,5,9770,20211022142000000,
DCE.cs.HOT,-5,3183,20211022142500000,
DCE.c.HOT,4,2566,20211022143500000,
DCE.cs.HOT,-4,3178,20211022143500000,
DCE.c.HOT,5,2565,20211022144000000,
DCE.cs.HOT,-5,3166,20211022144000000,
DCE.y.HOT,4,9794,20211022145000000,
DCE.y.HOT,5,9826,20211022145500000,
DCE.cs.HOT,-4,3184,20211022150000000,
DCE.cs.HOT,-5,3212,20211022210500000,
DCE.m.HOT,4,3275,20211022213500000,
DCE.m.HOT,5,3275,20211022214000000,
DCE.c.HOT,4,2563,20211022214500000,
DCE.c.HOT,5,2563,20211022215000000,
DCE.m.HOT,4,3274,20211022220000000,
DCE.m.HOT,5,3270,20211022220500000,
DCE.c.HOT,4,2563,20211022221500000,
DCE.c.HOT,5,2561,20211022222000000,
DCE.m.HOT,4,3257,20211022224500000,
DCE.y.HOT,4,9838,20211022224500000,
DCE.c.HOT,4,2545,20211022225000000,
DCE.m.HOT,5,3253,20211022225000000,
DCE.y.HOT,5,9798,20211022225000000,
DCE.c.HOT,5,2547,20211022225500000,
DCE.m.HOT,4,3258,20211022225500000,
DCE.m.HOT,5,3255,20211022230000000,
DCE.cs.HOT,-4,3174,20211025091000000,
DCE.m.HOT,4,3283,20211025091000000,
DCE.c.HOT,4,2579,20211025091500000,
DCE.cs.HOT,-5,3173,20211025091500000,
DCE.m.HOT,5,3290,20211025091500000,
DCE.c.HOT,5,2578,20211025092000000,
DCE.c.HOT,4,2591,20211025093000000,
DCE.c.HOT,5,2601,20211025094000000,
DCE.m.HOT,4,3319,20211025094500000,
DCE.m.HOT,5,3310,20211025095000000,
DCE.c.HOT,4,2606,20211025101000000,
DCE.c.HOT,5,2603,20211025103500000,
DCE.y.HOT,4,9928,20211025104500000,
DCE.c.HOT,4,2604,20211025105000000,
DCE.m.HOT,4,3285,20211025105000000,
DCE.y.HOT,5,9934,20211025105000000,
DCE.cs.HOT,-4,3272,20211025105500000,
DCE.m.HOT,5,3286,20211025105500000,
DCE.y.HOT,4,9926,20211025105500000,
DCE.c.HOT,5,2608,20211025110000000,
DCE.cs.HOT,-5,3269,20211025110000000,
DCE.m.HOT,4,3282,20211025110000000,
DCE.m.HOT,5,3289,20211025110500000,
DCE.y.HOT,5,9898,20211025110500000,
DCE.cs.HOT,-4,3262,20211025134000000,
DCE.y.HOT,4,9894,20211025134000000,
DCE.y.HOT,5,9900,20211025134500000,
DCE.cs.HOT,-5,3263,20211025135500000,
DCE.y.HOT,4,9894,20211025140000000,
DCE.cs.HOT,-4,3265,20211025141000000,
DCE.m.HOT,4,3292,20211025141000000,
DCE.y.HOT,5,9890,20211025141000000,
DCE.cs.HOT,-5,3270,20211025141500000,
DCE.m.HOT,5,3286,20211025141500000,
DCE.m.HOT,4,3290,20211025143000000,
DCE.m.HOT,5,3292,20211025143500000,
DCE.c.HOT,4,2612,20211025144000000,
DCE.c.HOT,5,2612,20211025144500000,
DCE.c.HOT,4,2627,20211025210500000,
DCE.m.HOT,4,3285,20211025210500000,
DCE.y.HOT,4,9890,20211025210500000,
DCE.c.HOT,5,2623,20211025211000000,
DCE.m.HOT,5,3281,20211025211000000,
DCE.y.HOT,5,9908,20211025211000000,
DCE.cs.HOT,-4,3237,20211025212000000,
DCE.y.HOT,4,9898,20211025212000000,
DCE.cs.HOT,-5,3232,20211025212500000,
DCE.y.HOT,5,9892,20211025212500000,
DCE.cs.HOT,-4,3226,20211025213000000,
DCE.cs.HOT,-5,3210,20211025213500000,
DCE.c.HOT,4,2621,20211025215000000,
DCE.c.HOT,5,2621,20211025215500000,
DCE.y.HOT,4,9938,20211025220000000,
DCE.c.HOT,4,2616,20211025220500000,
DCE.c.HOT,5,2619,20211025221000000,
DCE.cs.HOT,-4,3220,20211025221000000,
DCE.y.HOT,5,9948,20211025221000000,
DCE.cs.HOT,-5,3215,20211025222000000,
DCE.y.HOT,4,9984,20211025222500000,
DCE.y.HOT,5,9984,20211025223000000,
DCE.y.HOT,4,9968,20211025223500000,
DCE.cs.HOT,-4,3202,20211025224000000,
DCE.y.HOT,5,10006,20211025224000000,
DCE.cs.HOT,-5,3203,20211025224500000,
DCE.y.HOT,4,10036,20211025225000000,
DCE.c.HOT,4,2619,20211025225500000,
DCE.m.HOT,4,3264,20211025225500000,
DCE.y.HOT,5,10036,20211025225500000,
DCE.c.HOT,5,2619,20211025230000000,
DCE.cs.HOT,-4,3206,20211025230000000,
DCE.m.HOT,5,3265,20211025230000000,
DCE.cs.HOT,-5,3201,20211026090500000,
DCE.m.HOT,4,3266,20211026091500000,
DCE.y.HOT,4,10072,20211026091500000,
DCE.m.HOT,5,3264,20211026092000000,
DCE.y.HOT,5,10048,20211026092000000,
DCE.y.HOT,4,10036,20211026092500000,
DCE.m.HOT,4,3266,20211026093000000,
DCE.m.HOT,5,3260,20211026093500000,
DCE.y.HOT,5,10040,20211026093500000,
DCE.cs.HOT,-4,3189,20211026094000000,
DCE.y.HOT,4,10028,20211026094000000,
DCE.cs.HOT,-5,3181,20211026094500000,
DCE.m.HOT,4,3255,20211026094500000,
DCE.m.HOT,5,3261,20211026095000000,
DCE.y.HOT,5,10014,20211026095000000,
DCE.cs.HOT,-4,3162,20211026100000000,
DCE.y.HOT,4,9974,20211026100000000,
DCE.cs.HOT,-5,3162,20211026100500000,
DCE.y.HOT,5,9978,20211026100500000,
DCE.cs.HOT,-4,3170,20211026103500000,
DCE.cs.HOT,-5,3172,20211026104000000,
DCE.y.HOT,4,10008,20211026104000000,
DCE.y.HOT,5,9992,20211026104500000,
DCE.c.HOT,4,2615,20211026105500000,
DCE.c.HOT,5,2614,20211026110000000,
DCE.c.HOT,4,2615,20211026111500000,
DCE.m.HOT,4,3257,20211026111500000,
DCE.y.HOT,4,10076,20211026111500000,
DCE.c.HOT,5,2615,20211026112000000,
DCE.cs.HOT,-4,3154,20211026112000000,
DCE.m.HOT,5,3255,20211026112000000,
DCE.y.HOT,5,10024,20211026112000000,
DCE.cs.HOT,-5,3159,20211026112500000,
DCE.y.HOT,4,10020,20211026113000000,
DCE.y.HOT,5,9992,20211026134000000,
DCE.c.HOT,4,2626,20211026135000000,
DCE.m.HOT,4,3260,20211026135000000,
DCE.c.HOT,5,2628,20211026135500000,
DCE.m.HOT,5,3263,20211026135500000,
DCE.y.HOT,4,10008,20211026135500000,
DCE.y.HOT,5,9996,20211026140000000,
DCE.c.HOT,4,2627,20211026141000000,
DCE.y.HOT,4,9992,20211026141000000,
DCE.c.HOT,5,2628,20211026141500000,
DCE.y.HOT,5,9996,20211026141500000,
DCE.y.HOT,4,10000,20211026142000000,
DCE.c.HOT,4,2626,20211026142500000,
DCE.y.HOT,5,9992,20211026142500000,
DCE.c.HOT,5,2624,20211026143000000,
DCE.y.HOT,4,9982,20211026143000000,
DCE.y.HOT,5,10006,20211026143500000,
DCE.m.HOT,4,3267,20211026144000000,
DCE.m.HOT,5,3271,20211026144500000,
DCE.c.HOT,4,2626,20211026145500000,
DCE.c.HOT,3,2628,20211026150000000,
DCE.y.HOT,4,9998,20211026150000000,
DCE.c.HOT,5,2620,20211026210500000,
DCE.cs.HOT,-4,3212,20211026210500000,
DCE.y.HOT,5,10002,20211026210500000,
DCE.cs.HOT,-5,3221,20211026211500000,
DCE.y.HOT,4,10024,20211026212500000,
DCE.y.HOT,5,9998,20211026213000000,
DCE.cs.HOT,-4,3209,20211026213500000,
DCE.c.HOT,4,2618,20211026214000000,
DCE.cs.HOT,-5,3211,20211026214000000,
DCE.c.HOT,5,2618,20211026214500000,
DCE.c.HOT,4,2616,20211026220000000,
DCE.c.HOT,5,2614,20211026220500000,
DCE.y.HOT,4,9980,20211026222500000,
DCE.y.HOT,5,9972,20211026223000000,
DCE.c.HOT,4,2611,20211026225500000,
DCE.cs.HOT,-4,3198,20211026230000000,
DCE.m.HOT,4,3237,20211026230000000,
DCE.c.HOT,5,2617,20211027090500000,
DCE.m.HOT,5,3235,20211027090500000,
DCE.cs.HOT,-5,3214,20211027091000000,
DCE.c.HOT,4,2617,20211027091500000,
DCE.c.HOT,5,2614,20211027092000000,
DCE.cs.HOT,-4,3186,20211027093500000,
DCE.cs.HOT,-5,3183,20211027094000000,
DCE.c.HOT,4,2616,20211027100500000,
DCE.c.HOT,5,2615,20211027101000000,
DCE.c.HOT,4,2610,20211027101500000,
DCE.cs.HOT,-4,3170,20211027101500000,
DCE.c.HOT,5,2606,20211027103500000,
DCE.cs.HOT,-5,3170,20211027103500000,
DCE.cs.HOT,-4,3180,20211027104000000,
DCE.c.HOT,4,2602,20211027104500000,
DCE.cs.HOT,-5,3171,20211027104500000,
DCE.c.HOT,5,2603,20211027105500000,
DCE.m.HOT,4,3257,20211027110000000,
DCE.c.HOT,4,2603,20211027111000000,
DCE.m.HOT,5,3259,20211027111000000,
DCE.c.HOT,5,2606,20211027111500000,
DCE.cs.HOT,-4,3173,20211027111500000,
DCE.cs.HOT,-5,3169,20211027112000000,
DCE.m.HOT,4,3254,20211027113000000,
DCE.y.HOT,4,9976,20211027113000000,
DCE.m.HOT,5,3253,20211027133500000,
DCE.cs.HOT,-4,3175,20211027134000000,
DCE.y.HOT,5,9958,20211027134000000,
DCE.cs.HOT,-5,3173,20211027134500000,
DCE.y.HOT,4,9956,20211027134500000,
DCE.y.HOT,5,9978,20211027135000000,
DCE.c.HOT,4,2606,20211027135500000,
DCE.y.HOT,4,9978,20211027135500000,
DCE.c.HOT,5,2606,20211027140000000,
DCE.m.HOT,4,3258,20211027140500000,
DCE.y.HOT,5,9986,20211027140500000,
DCE.c.HOT,4,2605,20211027141000000,
DCE.m.HOT,5,3258,20211027141000000,
DCE.c.HOT,5,2604,20211027141500000,
DCE.cs.HOT,-4,3158,20211027142000000,
DCE.y.HOT,4,9948,20211027142000000,
DCE.y.HOT,5,9940,20211027142500000,
DCE.cs.HOT,-5,3156,20211027143000000,
DCE.cs.HOT,-4,3158,20211027144000000,
DCE.y.HOT,4,9918,20211027144500000,
DCE.c.HOT,4,2605,20211027145000000,
DCE.y.HOT,5,9892,20211027145000000,
DCE.c.HOT,5,2607,20211027145500000,
DCE.cs.HOT,-5,3172,20211027145500000,
DCE.y.HOT,4,9896,20211027150000000,
DCE.c.HOT,4,2605,20211027210500000,
DCE.y.HOT,5,9820,20211027210500000,
DCE.c.HOT,5,2601,20211027211000000,
DCE.c.HOT,4,2595,20211027211500000,
DCE.cs.HOT,-4,3119,20211027211500000,
DCE.c.HOT,5,2596,20211027212000000,
DCE.cs.HOT,-5,3125,20211027212000000,
DCE.cs.HOT,-4,3128,20211027213000000,
DCE.m.HOT,4,3235,20211027213000000,
DCE.cs.HOT,-5,3128,20211027213500000,
DCE.m.HOT,5,3239,20211027213500000,
DCE.m.HOT,3,3259,20211027215500000,
DCE.m.HOT,5,3256,20211027220000000,
DCE.y.HOT,4,9838,20211027220000000,
DCE.cs.HOT,-4,3123,20211027220500000,
DCE.m.HOT,4,3254,20211027220500000,
DCE.y.HOT,5,9862,20211027220500000,
DCE.cs.HOT,-5,3120,20211027221000000,
DCE.m.HOT,5,3258,20211027221000000,
DCE.c.HOT,4,2606,20211027221500000,
DCE.cs.HOT,-4,3125,20211027221500000,
DCE.c.HOT,5,2606,20211027222000000,
DCE.cs.HOT,-5,3122,20211027222000000,
DCE.m.HOT,4,3260,20211027222000000,
DCE.y.HOT,4,9860,20211027222000000,
DCE.c.HOT,4,2605,20211027222500000,
DCE.m.HOT,5,3264,20211027222500000,
DCE.y.HOT,5,9842,20211027222500000,
DCE.c.HOT,5,2606,20211027223000000,
DCE.y.HOT,4,9876,20211027223500000,
DCE.y.HOT,5,9866,20211027224000000,
DCE.y.HOT,4,9842,20211027224500000,
DCE.y.HOT,5,9818,20211027225500000,
DCE.m.HOT,4,3276,20211027230000000,
DCE.cs.HOT,-4,3111,20211028090500000,
DCE.m.HOT,5,3264,20211028090500000,
DCE.cs.HOT,-5,3120,20211028091000000,
DCE.cs.HOT,-4,3122,20211028091500000,
DCE.cs.HOT,-5,3135,20211028092000000,
DCE.c.HOT,4,2608,20211028092500000,
DCE.m.HOT,4,3265,20211028092500000,
DCE.y.HOT,4,9780,20211028092500000,
DCE.c.HOT,5,2604,20211028093000000,
DCE.m.HOT,5,3271,20211028093000000,
DCE.y.HOT,5,9778,20211028093000000,
DCE.y.HOT,4,9766,20211028093500000,
DCE.c.HOT,4,2601,20211028094000000,
DCE.y.HOT,5,9754,20211028094000000,
DCE.c.HOT,5,2601,20211028094500000,
DCE.m.HOT,4,3264,20211028094500000,
DCE.c.HOT,4,2602,20211028095000000,
DCE.m.HOT,5,3265,20211028095000000,
DCE.y.HOT,4,9734,20211028095000000,
DCE.y.HOT,5,9724,20211028095500000,
DCE.c.HOT,5,2600,20211028100000000,
DCE.cs.HOT,-4,3116,20211028100500000,
DCE.c.HOT,4,2598,20211028101000000,
DCE.cs.HOT,-5,3115,20211028101000000,
DCE.m.HOT,4,3257,20211028103500000,
DCE.m.HOT,5,3260,20211028104000000,
DCE.y.HOT,4,9676,20211028104000000,
DCE.c.HOT,5,2575,20211028104500000,
DCE.y.HOT,5,9676,20211028104500000,
DCE.c.HOT,4,2577,20211028105000000,
DCE.m.HOT,4,3263,20211028105000000,
DCE.cs.HOT,-4,3105,20211028105500000,
DCE.m.HOT,5,3262,20211028105500000,
DCE.c.HOT,5,2572,20211028110000000,
DCE.cs.HOT,-5,3106,20211028110000000,
DCE.c.HOT,4,2571,20211028110500000,
DCE.c.HOT,5,2569,20211028111000000,
DCE.cs.HOT,-4,3101,20211028111000000,
DCE.cs.HOT,-5,3105,20211028111500000,
DCE.y.HOT,4,9702,20211028111500000,
DCE.y.HOT,5,9710,20211028112000000,
DCE.m.HOT,4,3257,20211028112500000,
DCE.c.HOT,4,2574,20211028113000000,
DCE.m.HOT,5,3255,20211028113000000,
DCE.c.HOT,5,2577,20211028133500000,
DCE.y.HOT,4,9674,20211028133500000,
DCE.cs.HOT,-4,3105,20211028134000000,
DCE.y.HOT,5,9654,20211028134000000,
DCE.cs.HOT,-5,3105,20211028134500000,
DCE.cs.HOT,-4,3108,20211028135500000,
DCE.y.HOT,4,9768,20211028135500000,
DCE.y.HOT,5,9800,20211028140000000,
DCE.cs.HOT,-5,3115,20211028140500000,
DCE.c.HOT,4,2584,20211028141000000,
DCE.cs.HOT,-4,3116,20211028141000000,
DCE.c.HOT,5,2586,20211028141500000,
DCE.cs.HOT,-5,3114,20211028141500000,
DCE.y.HOT,4,9848,20211028141500000,
DCE.y.HOT,5,9832,20211028142000000,
DCE.c.HOT,4,2587,20211028144500000,
DCE.c.HOT,5,2589,20211028145000000,
