code,direct,opentime,openprice,closetime,closeprice,qty,profit,maxprofit,maxloss,totalprofit,entertag,exittag,openbarno,closebarno
DCE.y.HOT,SHORT,202108312110,9082,202108312115,9068,5,700,800,-200,666.3,,,1,2
DCE.c.HOT,SHORT,202108312110,2479,202108312135,2475,5,200,250,-50,853.75,,,1,6
DCE.c.HOT,LONG,202108312135,2475,202108312140,2476,1,10,10,-10,857.7,,,6,7
DCE.c.HOT,LONG,202108312135,2475,202108312145,2475,4,0,50,-80,857.7,,,6,8
DCE.cs.HOT,SHORT,202108312110,2827,202108312200,2830,1,-30,40,-90,821.65,,,1,11
DCE.cs.HOT,SHORT,202108312110,2827,202108312205,2834,4,-280,200,-450,541.65,,,1,12
DCE.m.HOT,LONG,202108312110,3508,202108312220,3490,5,-900,400,-1050,-365.9,,,1,15
DCE.m.HOT,SHORT,202108312220,3490,202108312225,3491,2,-20,40,-60,-390.43,,,15,16
DCE.m.HOT,SHORT,202108312220,3490,202108312300,3490,1,-0,60,-90,-396.47,,,15,23
DCE.cs.HOT,LONG,202108312205,2834,202109010920,2854,3,600,990,-30,202.02,,,12,27
DCE.cs.HOT,LONG,202108312210,2840,202109010920,2854,2,280,540,-40,482.02,,,13,27
DCE.m.HOT,SHORT,202108312235,3489,202109010925,3488,4,40,160,-360,517.49,,,18,28
DCE.m.HOT,SHORT,202109010905,3498,202109010925,3488,1,100,130,0,617.49,,,24,28
DCE.y.HOT,LONG,202108312115,9068,202109010925,8972,5,-4800,400,-6300,-4188.55,,,2,28
DCE.y.HOT,SHORT,202109010925,8972,202109010930,8968,5,200,400,-400,-4002.61,,,28,29
DCE.cs.HOT,SHORT,202109010920,2854,202109010930,2855,3,-30,0,-150,-4045.16,,,27,29
DCE.cs.HOT,SHORT,202109010925,2856,202109010930,2855,1,10,20,-20,-4035.16,,,28,29
DCE.m.HOT,LONG,202109010925,3488,202109010935,3486,4,-80,40,-360,-4122.71,,,28,30
DCE.y.HOT,LONG,202109010930,8968,202109010940,8962,2,-120,0,-280,-4250.26,,,29,31
DCE.y.HOT,LONG,202109010930,8968,202109010945,8960,3,-240,0,-700,-4490.26,,,29,32
DCE.y.HOT,SHORT,202109010945,8960,202109010950,8964,3,-120,180,-240,-4617.79,,,32,33
DCE.y.HOT,LONG,202109010950,8964,202109011000,8966,5,100,100,-800,-4530.34,,,33,35
DCE.c.HOT,SHORT,202108312145,2475,202109011000,2478,2,-60,60,-160,-4602.89,,,8,35
DCE.cs.HOT,LONG,202109010930,2855,202109011000,2863,5,400,600,-50,-4202.89,,,29,35
DCE.c.HOT,SHORT,202108312145,2475,202109011005,2477,3,-60,150,-400,-4262.89,,,8,36
DCE.y.HOT,SHORT,202109011000,8966,202109011010,8964,1,20,100,-120,-4256.49,,,35,37
DCE.c.HOT,LONG,202109011005,2477,202109011010,2476,1,-10,20,-10,-4266.49,,,36,37
DCE.y.HOT,SHORT,202109011000,8966,202109011015,8954,4,480,560,-600,-3786.49,,,35,38
DCE.c.HOT,LONG,202109011005,2477,202109011015,2477,1,0,25,-12.5,-3799.04,,,36,38
DCE.cs.HOT,SHORT,202109011005,2864,202109011015,2864,5,-0,150,-100,-3799.04,,,36,38
DCE.c.HOT,LONG,202109011005,2477,202109011050,2473,3,-120,100,-180,-3929.01,,,36,42
DCE.c.HOT,LONG,202109011035,2475,202109011050,2473,2,-40,40,-80,-3969.01,,,39,42
DCE.cs.HOT,LONG,202109011015,2864,202109011050,2863,5,-50,50,-350,-4025.06,,,38,42
DCE.cs.HOT,SHORT,202109011050,2863,202109011055,2862,1,10,30,0,-4016.57,,,42,43
DCE.c.HOT,SHORT,202109011050,2473,202109011105,2472,5,50,100,-100,-3974.12,,,42,45
DCE.c.HOT,LONG,202109011105,2472,202109011115,2475,1,30,40,-10,-3950.17,,,45,47
DCE.c.HOT,LONG,202109011105,2472,202109011120,2476,3,120,160,-40,-3830.17,,,45,48
DCE.c.HOT,LONG,202109011110,2475,202109011120,2476,1,10,10,-20,-3820.17,,,46,48
DCE.c.HOT,SHORT,202109011120,2476,202109011130,2476,3,-0,30,-30,-3823.8,,,48,50
DCE.cs.HOT,LONG,202109011055,2862,202109011130,2862,4,0,40,-160,-3827.43,,,43,50
DCE.cs.HOT,LONG,202109011100,2861,202109011130,2862,1,10,20,-30,-3817.43,,,44,50
DCE.c.HOT,LONG,202109011130,2476,202109011350,2472,1,-40,10,-60,-3867.4,,,50,54
DCE.c.HOT,LONG,202109011130,2476,202109011440,2468,2,-160,30,-260,-4028.61,,,50,64
DCE.c.HOT,LONG,202109011335,2476,202109011440,2468,2,-160,0,-260,-4188.61,,,51,64
DCE.c.HOT,LONG,202109011355,2466,202109011440,2468,1,20,40,-30,-4168.61,,,55,64
DCE.c.HOT,SHORT,202109011445,2467,202109012115,2468,5,-50,250,-250,-4230.71,,,65,71
DCE.m.HOT,SHORT,202109010935,3486,202109012130,3489,1,-30,20,-140,-4268.27,,,30,74
DCE.c.HOT,SHORT,202109012120,2465,202109012135,2467,5,-100,0,-200,-4369.78,,,72,75
DCE.c.HOT,LONG,202109012135,2467,202109012150,2468,3,30,90,-30,-4345.83,,,75,78
DCE.cs.HOT,SHORT,202109011130,2862,202109012150,2880,3,-540,360,-960,-4890.36,,,50,78
DCE.cs.HOT,SHORT,202109011335,2860,202109012150,2880,2,-400,200,-680,-5293.38,,,51,78
DCE.c.HOT,LONG,202109012135,2467,202109012155,2468,2,20,150,-50,-5280.93,,,75,79
DCE.c.HOT,SHORT,202109012155,2468,202109012200,2467,5,50,50,-50,-5236.98,,,79,80
DCE.cs.HOT,LONG,202109012150,2880,202109012245,2883,2,60,80,-40,-5183.03,,,78,89
DCE.m.HOT,SHORT,202109010935,3486,202109020905,3478,4,320,480,-700,-4872.09,,,30,93
DCE.m.HOT,SHORT,202109012135,3487,202109020905,3478,1,90,130,-90,-4782.09,,,75,93
DCE.cs.HOT,LONG,202109012150,2880,202109020910,2875,3,-150,200,-210,-4939.64,,,78,94
DCE.cs.HOT,LONG,202109012250,2884,202109020910,2875,1,-90,10,-110,-5029.64,,,90,94
DCE.c.HOT,LONG,202109012200,2467,202109020930,2460,1,-70,40,-100,-5105.68,,,80,98
DCE.c.HOT,LONG,202109012200,2467,202109020935,2461,4,-240,200,-500,-5345.68,,,80,99
DCE.c.HOT,SHORT,202109020935,2461,202109021005,2463,2,-40,40,-60,-5391.73,,,99,105
DCE.c.HOT,SHORT,202109020935,2461,202109021010,2465,3,-120,100,-150,-5511.73,,,99,106
DCE.m.HOT,LONG,202109020905,3478,202109021120,3484,5,300,500,-900,-5217.78,,,93,117
DCE.c.HOT,LONG,202109021010,2465,202109021120,2475,3,300,300,-60,-4917.78,,,106,117
DCE.c.HOT,LONG,202109021015,2466,202109021120,2475,2,180,180,-60,-4737.78,,,107,117
DCE.cs.HOT,LONG,202109012250,2884,202109021130,2888,1,40,60,-220,-4711.38,,,90,119
DCE.cs.HOT,LONG,202109020915,2871,202109021130,2888,2,340,380,-120,-4371.38,,,95,119
DCE.cs.HOT,LONG,202109020915,2871,202109021335,2888,2,340,760,-240,-4031.38,,,95,120
DCE.c.HOT,SHORT,202109021120,2475,202109021340,2485,3,-300,30,-300,-4338.93,,,117,121
DCE.cs.HOT,SHORT,202109021335,2888,202109021340,2890,5,-100,50,-100,-4438.93,,,120,121
DCE.cs.HOT,LONG,202109021340,2890,202109021345,2894,1,40,40,0,-4404.07,,,121,122
DCE.m.HOT,LONG,202109021130,3488,202109021355,3488,1,0,20,-50,-4411.62,,,119,124
DCE.m.HOT,LONG,202109021130,3488,202109021400,3486,4,-80,100,-250,-4491.62,,,119,125
DCE.m.HOT,SHORT,202109021400,3486,202109022105,3504,1,-180,10,-340,-4680.68,,,125,138
DCE.m.HOT,SHORT,202109021405,3489,202109022105,3504,4,-600,40,-1240,-5286.72,,,126,138
DCE.c.HOT,SHORT,202109021120,2475,202109022105,2497,2,-440,50,-700,-5736.69,,,117,138
DCE.c.HOT,SHORT,202109021345,2488,202109022105,2497,2,-180,60,-440,-5919.11,,,122,138
DCE.m.HOT,LONG,202109022105,3504,202109022110,3507,2,60,140,0,-5859.11,,,138,139
DCE.cs.HOT,SHORT,202109021345,2894,202109022125,2896,5,-100,150,-1250,-5974.52,,,122,142
DCE.m.HOT,LONG,202109022105,3504,202109022245,3501,2,-60,233.333,-140,-6042.07,,,138,158
DCE.cs.HOT,LONG,202109022125,2896,202109030935,2899,1,30,100,-20,-6015.09,,,142,168
DCE.cs.HOT,LONG,202109022125,2896,202109030940,2899,3,90,375,-75,-5925.09,,,142,169
DCE.cs.HOT,LONG,202109022125,2896,202109030950,2898,1,20,500,-100,-5911.13,,,142,171
DCE.cs.HOT,LONG,202109030945,2897,202109030950,2898,1,10,10,-10,-5901.13,,,170,171
DCE.cs.HOT,LONG,202109030945,2897,202109031005,2899,3,60,120,-40,-5844.15,,,170,174
DCE.c.HOT,SHORT,202109021345,2488,202109032120,2486,1,20,90,-660,-5829.89,,,122,210
DCE.m.HOT,LONG,202109022105,3504,202109032155,3488,1,-160,350,-230,-5992.61,,,138,217
DCE.c.HOT,SHORT,202109022110,2490,202109032215,2476,4,560,560,-360,-5438.96,,,139,221
DCE.m.HOT,LONG,202109022115,3506,202109032220,3473,1,-330,40,-350,-5770.47,,,140,222
DCE.m.HOT,LONG,202109022120,3504,202109032220,3473,1,-310,60,-330,-6081.98,,,141,222
DCE.m.HOT,LONG,202109022250,3503,202109032220,3473,2,-600,80,-640,-6685,,,159,222
DCE.m.HOT,LONG,202109032200,3485,202109032220,3473,1,-120,10,-140,-6805,,,218,222
DCE.c.HOT,SHORT,202109032125,2483,202109032220,2479,1,40,70,-20,-6771.04,,,211,222
DCE.c.HOT,LONG,202109032220,2479,202109032225,2480,5,50,50,-50,-6728.6,,,222,223
DCE.c.HOT,SHORT,202109032225,2480,202109032250,2476,4,160,200,0,-6574.65,,,223,228
DCE.c.HOT,SHORT,202109032245,2476,202109032250,2476,1,-0,10,-20,-6574.65,,,227,228
DCE.c.HOT,LONG,202109032250,2476,202109032255,2475,1,-10,10,-20,-6588.28,,,228,229
DCE.c.HOT,LONG,202109032250,2476,202109032300,2476,2,0,30,-60,-6588.28,,,228,230
DCE.c.HOT,SHORT,202109032300,2476,202109060905,2473,4,120,120,-40,-6473.12,,,230,231
DCE.c.HOT,LONG,202109060905,2473,202109060955,2467,4,-240,0,-440,-6719.17,,,231,241
DCE.c.HOT,LONG,202109060905,2473,202109061005,2467,1,-60,0,-550,-6784.01,,,231,243
DCE.c.HOT,LONG,202109061000,2467,202109061005,2467,4,0,40,0,-6784.01,,,242,243
DCE.m.HOT,SHORT,202109032220,3473,202109061015,3465,4,320,440,-680,-6470.06,,,222,245
DCE.m.HOT,SHORT,202109032225,3476,202109061015,3465,1,110,140,-140,-6360.06,,,223,245
DCE.c.HOT,SHORT,202109061005,2467,202109061045,2464,5,150,200,-100,-6217.61,,,243,248
DCE.m.HOT,LONG,202109061015,3465,202109061050,3470,2,100,180,0,-6123.66,,,245,249
DCE.c.HOT,LONG,202109061045,2464,202109061105,2465,1,10,30,-10,-6116.68,,,248,252
DCE.c.HOT,LONG,202109061045,2464,202109061110,2464,4,0,150,-50,-6116.68,,,248,253
DCE.c.HOT,SHORT,202109061110,2464,202109061115,2463,1,10,20,-10,-6112.73,,,253,254
DCE.c.HOT,SHORT,202109061110,2464,202109061125,2463,1,10,25,-12.5,-6103.94,,,253,256
DCE.c.HOT,SHORT,202109061110,2464,202109061335,2462,3,60,100,-50,-6045.15,,,253,258
DCE.m.HOT,LONG,202109061015,3465,202109061340,3487,3,660,660,0,-5385.15,,,245,259
DCE.m.HOT,LONG,202109061055,3471,202109061340,3487,2,320,320,-60,-5065.15,,,250,259
DCE.c.HOT,SHORT,202109061120,2462,202109061410,2461,1,10,20,-30,-5066.33,,,255,265
DCE.c.HOT,SHORT,202109061130,2463,202109061410,2461,1,20,30,-20,-5046.33,,,257,265
DCE.c.HOT,SHORT,202109061340,2463,202109061410,2461,1,20,30,-20,-5026.33,,,259,265
DCE.m.HOT,SHORT,202109061340,3487,202109061430,3486,1,10,40,-30,-5019.96,,,259,269
DCE.m.HOT,SHORT,202109061340,3487,202109061435,3485,4,80,200,-150,-4939.96,,,259,270
DCE.c.HOT,SHORT,202109061340,2463,202109061435,2463,2,-0,90,-60,-4946,,,259,270
DCE.c.HOT,SHORT,202109061415,2461,202109061435,2463,1,-20,10,-30,-4966,,,266,270
DCE.c.HOT,SHORT,202109061415,2461,202109061440,2464,2,-60,30,-90,-5027.51,,,266,271
DCE.c.HOT,LONG,202109061440,2464,202109061445,2463,1,-10,0,-20,-5038.72,,,271,272
DCE.c.HOT,SHORT,202109061445,2463,202109061500,2461,1,20,20,-10,-5024.77,,,272,275
DCE.m.HOT,LONG,202109061435,3485,202109062105,3486,1,10,20,-40,-5016.28,,,270,276
DCE.c.HOT,SHORT,202109061445,2463,202109062105,2465,4,-80,160,-50,-5101.12,,,272,276
DCE.m.HOT,LONG,202109061435,3485,202109062110,3483,3,-60,120,-160,-5171.7,,,270,277
DCE.m.HOT,LONG,202109061440,3485,202109062110,3483,1,-20,40,-40,-5193.21,,,271,277
DCE.m.HOT,SHORT,202109062110,3483,202109062115,3483,5,-0,50,-100,-5200.76,,,277,278
DCE.c.HOT,LONG,202109062105,2465,202109062115,2461,5,-200,50,-500,-5408.31,,,276,278
DCE.cs.HOT,LONG,202109030955,2901,202109062115,2876,2,-500,140,-700,-5917.38,,,172,278
DCE.m.HOT,LONG,202109062115,3483,202109062120,3485,2,40,60,-20,-5877.38,,,278,279
DCE.cs.HOT,LONG,202109031010,2901,202109062120,2877,1,-240,70,-350,-6118.89,,,175,279
DCE.m.HOT,LONG,202109062115,3483,202109062125,3485,3,60,150,-50,-6058.89,,,278,280
DCE.cs.HOT,LONG,202109031010,2901,202109062125,2882,2,-380,210,-1050,-6441.91,,,175,280
DCE.m.HOT,SHORT,202109062130,3486,202109062205,3488,5,-100,150,-250,-6557.01,,,281,288
DCE.c.HOT,SHORT,202109062115,2461,202109062205,2462,5,-50,100,-350,-6614.56,,,278,288
DCE.cs.HOT,SHORT,202109062125,2882,202109062210,2888,5,-300,250,-450,-6920.61,,,280,289
DCE.m.HOT,LONG,202109062205,3488,202109062215,3496,5,400,400,0,-6526.65,,,288,290
DCE.cs.HOT,LONG,202109062210,2888,202109062215,2888,4,0,40,-80,-6534.2,,,289,290
DCE.m.HOT,SHORT,202109062215,3496,202109062220,3502,5,-300,50,-400,-6840.24,,,290,291
DCE.m.HOT,LONG,202109062220,3502,202109062225,3505,5,150,250,-50,-6699.3,,,291,292
DCE.cs.HOT,SHORT,202109062215,2888,202109062225,2891,4,-120,120,-120,-6826.85,,,290,292
DCE.cs.HOT,SHORT,202109062220,2887,202109062225,2891,1,-40,10,-40,-6866.85,,,291,292
DCE.m.HOT,SHORT,202109062225,3505,202109062235,3504,5,50,250,-100,-6821.38,,,292,294
DCE.cs.HOT,LONG,202109062225,2891,202109062235,2888,2,-60,40,-80,-6888.93,,,292,294
DCE.cs.HOT,LONG,202109062230,2891,202109062235,2888,1,-30,0,-40,-6918.93,,,293,294
DCE.cs.HOT,SHORT,202109062235,2888,202109062300,2887,5,50,100,-150,-6876.48,,,294,299
DCE.m.HOT,LONG,202109062235,3504,202109070910,3489,5,-750,50,-800,-7634.03,,,294,301
DCE.cs.HOT,LONG,202109070905,2885,202109070910,2882,2,-60,60,-100,-7697.05,,,300,301
DCE.m.HOT,SHORT,202109070910,3489,202109070915,3483,2,120,120,-20,-7577.05,,,301,302
DCE.m.HOT,LONG,202109070915,3483,202109070920,3487,3,120,150,0,-7464.6,,,302,303
DCE.cs.HOT,LONG,202109070905,2885,202109070935,2879,1,-60,50,-110,-7532.15,,,300,306
DCE.cs.HOT,LONG,202109070905,2885,202109070940,2880,1,-50,75,-165,-7582.15,,,300,307
DCE.cs.HOT,LONG,202109070905,2885,202109070945,2879,1,-60,150,-330,-7642.15,,,300,308
DCE.cs.HOT,LONG,202109070915,2881,202109070945,2879,2,-40,60,-100,-7682.15,,,302,308
DCE.m.HOT,SHORT,202109070920,3487,202109071100,3515,2,-560,20,-620,-8249.7,,,303,320
DCE.m.HOT,SHORT,202109070920,3487,202109071110,3517,3,-900,50,-1550,-9149.7,,,303,322
DCE.m.HOT,SHORT,202109071115,3519,202109071120,3518,5,50,100,-50,-9107.25,,,323,324
DCE.m.HOT,LONG,202109071120,3518,202109071125,3518,2,0,40,-60,-9110.27,,,324,325
DCE.m.HOT,SHORT,202109071125,3518,202109071345,3516,3,60,120,-60,-9057.82,,,325,329
DCE.m.HOT,SHORT,202109071130,3519,202109071345,3516,2,60,100,-20,-8997.82,,,326,329
DCE.cs.HOT,SHORT,202109070945,2879,202109071350,2872,5,350,450,-50,-8655.37,,,308,330
DCE.cs.HOT,LONG,202109071350,2872,202109071420,2872,5,0,150,-100,-8662.92,,,330,336
DCE.cs.HOT,SHORT,202109071420,2872,202109071425,2871,5,50,0,-100,-8620.47,,,336,337
DCE.cs.HOT,SHORT,202109071430,2873,202109071435,2871,5,100,100,0,-8528.02,,,338,339
DCE.m.HOT,LONG,202109071350,3517,202109072145,3511,5,-300,800,-350,-8843.12,,,330,353
DCE.c.HOT,LONG,202109062205,2462,202109072235,2475,5,650,1200,-500,-8206.72,,,288,363
DCE.c.HOT,SHORT,202109072235,2475,202109072240,2475,2,-0,60,0,-8212.77,,,363,364
DCE.m.HOT,SHORT,202109072145,3511,202109072255,3498,5,650,750,-200,-7565.19,,,353,367
DCE.m.HOT,SHORT,202109072300,3500,202109080905,3499,2,20,80,-40,-7548.21,,,368,369
DCE.m.HOT,LONG,202109080905,3499,202109080910,3503,1,40,70,0,-7509.72,,,369,370
DCE.c.HOT,SHORT,202109072235,2475,202109080920,2478,3,-90,150,-180,-7607.27,,,363,372
DCE.c.HOT,SHORT,202109072245,2476,202109080920,2478,2,-40,40,-100,-7647.27,,,365,372
DCE.c.HOT,LONG,202109080920,2478,202109080955,2475,4,-120,0,-200,-7773.32,,,372,379
DCE.c.HOT,LONG,202109080920,2478,202109081000,2475,1,-30,0,-250,-7803.32,,,372,380
DCE.c.HOT,SHORT,202109081000,2475,202109081005,2473,3,60,60,0,-7746.95,,,380,381
DCE.m.HOT,SHORT,202109080910,3503,202109081010,3510,1,-70,20,-130,-7823,,,370,382
DCE.m.HOT,SHORT,202109080910,3503,202109081015,3509,1,-60,25,-162.5,-7883,,,370,383
DCE.m.HOT,SHORT,202109080910,3503,202109081040,3512,3,-270,100,-650,-8156.02,,,370,385
DCE.m.HOT,SHORT,202109081035,3508,202109081040,3512,2,-80,20,-100,-8236.02,,,384,385
DCE.c.HOT,LONG,202109081005,2473,202109081040,2476,5,150,150,-50,-8093.57,,,381,385
DCE.m.HOT,LONG,202109081040,3512,202109081055,3511,1,-10,10,-50,-8109.62,,,385,388
DCE.m.HOT,LONG,202109081040,3512,202109081100,3511,4,-40,50,-250,-8149.62,,,385,389
DCE.c.HOT,SHORT,202109081040,2476,202109081105,2474,2,40,100,0,-8117.17,,,385,390
DCE.m.HOT,SHORT,202109081100,3511,202109081335,3504,1,70,130,0,-8049.59,,,389,396
DCE.m.HOT,SHORT,202109081100,3511,202109081340,3504,3,210,520,0,-7839.59,,,389,397
DCE.m.HOT,SHORT,202109081105,3506,202109081340,3504,1,20,80,-30,-7819.59,,,390,397
DCE.cs.HOT,LONG,202109071435,2871,202109081420,2828,4,-1720,120,-1720,-9553.18,,,339,405
DCE.cs.HOT,LONG,202109071440,2869,202109081420,2828,1,-410,50,-410,-9964.69,,,340,405
DCE.cs.HOT,SHORT,202109081420,2828,202109081450,2831,5,-150,200,-350,-10122.2,,,405,411
DCE.cs.HOT,LONG,202109081450,2831,202109081500,2834,2,60,80,-20,-10069.8,,,411,413
DCE.cs.HOT,LONG,202109081455,2833,202109081500,2834,3,30,60,-90,-10039.8,,,412,413
DCE.cs.HOT,SHORT,202109081500,2834,202109082115,2829,5,250,450,-200,-9804.89,,,413,416
DCE.m.HOT,LONG,202109081340,3504,202109082255,3475,5,-1450,150,-1550,-11270,,,397,436
DCE.m.HOT,SHORT,202109082255,3475,202109090910,3482,2,-140,40,-220,-11417.5,,,436,439
DCE.m.HOT,SHORT,202109082300,3475,202109090910,3482,3,-210,30,-330,-11627.5,,,437,439
DCE.m.HOT,LONG,202109090910,3482,202109090950,3471,5,-550,400,-800,-12185.1,,,439,447
DCE.m.HOT,SHORT,202109090950,3471,202109090955,3473,5,-100,150,-200,-12292.6,,,447,448
DCE.c.HOT,SHORT,202109081040,2476,202109091005,2455,1,210,210,-10,-12091.4,,,385,450
DCE.c.HOT,SHORT,202109081040,2476,202109091040,2457,2,380,630,-30,-11715,,,385,454
DCE.c.HOT,SHORT,202109081115,2475,202109091040,2457,1,180,220,-20,-11536.2,,,392,454
DCE.c.HOT,SHORT,202109081120,2477,202109091040,2457,1,200,240,0,-11337.4,,,393,454
DCE.c.HOT,SHORT,202109091015,2455,202109091040,2457,1,-20,20,-20,-11357.4,,,452,454
DCE.m.HOT,LONG,202109090955,3473,202109091050,3483,5,500,550,-350,-10862.3,,,448,456
DCE.c.HOT,LONG,202109091040,2457,202109091050,2455,2,-40,20,-40,-10903.8,,,454,456
DCE.c.HOT,LONG,202109091045,2457,202109091050,2455,2,-40,0,-40,-10943.8,,,455,456
DCE.cs.HOT,LONG,202109082115,2829,202109091050,2832,1,30,140,-50,-10919.8,,,416,456
DCE.cs.HOT,LONG,202109082115,2829,202109091055,2840,4,440,700,-250,-10485.9,,,416,457
DCE.m.HOT,SHORT,202109091050,3483,202109091100,3476,1,70,80,-20,-10423.4,,,456,458
DCE.m.HOT,SHORT,202109091055,3479,202109091100,3476,4,120,160,0,-10303.4,,,457,458
DCE.m.HOT,LONG,202109091100,3476,202109091105,3478,4,80,160,0,-10231,,,458,459
DCE.cs.HOT,SHORT,202109091055,2840,202109091125,2842,1,-20,40,-90,-10257,,,457,463
DCE.m.HOT,LONG,202109091100,3476,202109091130,3472,1,-40,200,-60,-10297,,,458,464
DCE.m.HOT,LONG,202109091110,3475,202109091130,3472,2,-60,60,-100,-10357,,,460,464
DCE.cs.HOT,SHORT,202109091055,2840,202109091130,2841,4,-40,200,-450,-10397,,,457,464
DCE.m.HOT,LONG,202109091110,3475,202109091335,3473,2,-40,120,-200,-10441.6,,,460,465
DCE.cs.HOT,LONG,202109091130,2841,202109091350,2837,3,-120,60,-120,-10572.1,,,464,468
DCE.cs.HOT,LONG,202109091335,2838,202109091350,2837,2,-20,100,-20,-10592.1,,,465,468
DCE.c.HOT,SHORT,202109091050,2455,202109091425,2461,5,-300,250,-350,-10899.7,,,456,475
DCE.cs.HOT,SHORT,202109091350,2837,202109091430,2840,5,-150,150,-250,-11055.7,,,468,476
DCE.cs.HOT,LONG,202109091430,2840,202109092105,2832,5,-400,50,-450,-11470.8,,,476,483
DCE.cs.HOT,SHORT,202109092105,2832,202109092110,2829,3,90,180,-180,-11385.4,,,483,484
DCE.cs.HOT,LONG,202109092110,2829,202109092115,2832,3,90,210,0,-11302.9,,,484,485
DCE.cs.HOT,LONG,202109092110,2829,202109092120,2832,2,60,350,-20,-11242.9,,,484,486
DCE.m.HOT,SHORT,202109091335,3473,202109092125,3474,5,-50,1100,-250,-11308,,,465,487
DCE.m.HOT,LONG,202109092125,3474,202109092135,3469,5,-250,50,-300,-11565.6,,,487,489
DCE.m.HOT,SHORT,202109092135,3469,202109101105,3466,2,60,220,-260,-11513.1,,,489,528
DCE.m.HOT,SHORT,202109092140,3464,202109101105,3466,3,-60,180,-540,-11573.1,,,490,528
DCE.y.HOT,LONG,202109011015,8954,202109101105,9144,5,9500,16700,-5200,-2088.68,,,38,528
DCE.m.HOT,LONG,202109101105,3466,202109101110,3467,2,20,80,-20,-2071.19,,,528,529
DCE.m.HOT,SHORT,202109101110,3467,202109101120,3469,5,-100,100,-150,-2188.78,,,529,531
DCE.m.HOT,LONG,202109101120,3469,202109101125,3465,2,-80,0,-100,-2273.31,,,531,532
DCE.m.HOT,LONG,202109101120,3469,202109101335,3467,1,-20,0,-150,-2296.33,,,531,534
DCE.m.HOT,LONG,202109101130,3465,202109101335,3467,2,40,60,-20,-2256.33,,,533,534
DCE.y.HOT,SHORT,202109101105,9144,202109101400,8982,1,1620,1700,-80,-643.88,,,528,539
DCE.y.HOT,SHORT,202109101110,9130,202109101400,8982,4,5920,6240,0,5276.12,,,529,539
DCE.c.HOT,LONG,202109091425,2461,202109101400,2459,5,-100,400,-450,5157.52,,,475,539
DCE.c.HOT,SHORT,202109101400,2459,202109101405,2459,5,-0,150,0,5151.47,,,539,540
DCE.c.HOT,LONG,202109101405,2459,202109101410,2458,1,-10,20,-20,5140.26,,,540,541
DCE.c.HOT,SHORT,202109101410,2458,202109101425,2457,5,50,100,-50,5184.21,,,541,544
DCE.m.HOT,SHORT,202109101335,3467,202109101455,3495,5,-1400,100,-1550,3778.16,,,534,550
DCE.c.HOT,LONG,202109101425,2457,202109101500,2454,1,-30,20,-60,3740.61,,,544,551
DCE.cs.HOT,SHORT,202109092120,2832,202109102150,2849,2,-340,260,-340,3396.38,,,486,561
DCE.cs.HOT,SHORT,202109092120,2832,202109102200,2849,3,-510,650,-850,2880.34,,,486,563
DCE.cs.HOT,SHORT,202109102155,2848,202109102200,2849,1,-10,0,-20,2870.34,,,562,563
DCE.cs.HOT,LONG,202109102200,2849,202109102215,2844,3,-150,30,-210,2712.79,,,563,566
DCE.cs.HOT,LONG,202109102205,2847,202109102220,2842,2,-100,20,-100,2612.79,,,564,567
DCE.cs.HOT,SHORT,202109102220,2842,202109102245,2838,2,80,100,-40,2685.24,,,567,572
DCE.m.HOT,LONG,202109101455,3495,202109102250,3507,1,120,320,-80,2803.73,,,550,573
DCE.cs.HOT,SHORT,202109102220,2842,202109102250,2837,1,50,83.3333,-33.3333,2853.73,,,567,573
DCE.m.HOT,LONG,202109101455,3495,202109102255,3509,4,560,1600,-400,3407.69,,,550,574
DCE.cs.HOT,SHORT,202109102220,2842,202109102255,2834,2,160,250,-100,3560.14,,,567,574
DCE.m.HOT,SHORT,202109102255,3509,202109130905,3536,5,-1350,300,-150,2202.59,,,574,576
DCE.y.HOT,LONG,202109101400,8982,202109130905,9024,5,2100,1500,-1900,4282.49,,,539,576
DCE.cs.HOT,LONG,202109102255,2834,202109130905,2831,5,-150,50,-250,4122.45,,,574,576
DCE.c.HOT,LONG,202109101425,2457,202109130910,2460,2,60,520,-180,4169.97,,,544,577
DCE.c.HOT,LONG,202109101430,2458,202109130915,2456,2,-40,500,-140,4127.55,,,545,578
DCE.c.HOT,LONG,202109102105,2459,202109130915,2456,1,-30,240,-40,4097.55,,,552,578
DCE.y.HOT,SHORT,202109130905,9024,202109130920,9104,4,-3200,400,-4000,891.5,,,576,579
DCE.y.HOT,SHORT,202109130910,9076,202109130920,9104,1,-280,20,-480,611.5,,,577,579
DCE.c.HOT,SHORT,202109130915,2456,202109130920,2462,5,-300,0,-350,306.48,,,578,579
DCE.y.HOT,LONG,202109130920,9104,202109130935,9080,2,-480,80,-640,-187.1,,,579,582
DCE.y.HOT,LONG,202109130925,9094,202109130935,9080,3,-420,300,-660,-607.1,,,580,582
DCE.c.HOT,LONG,202109130920,2462,202109130935,2461,5,-50,150,-100,-669.65,,,579,582
DCE.y.HOT,SHORT,202109130935,9080,202109130940,9068,2,240,440,-80,-434.49,,,582,583
DCE.y.HOT,SHORT,202109130935,9080,202109130950,9042,3,1140,1140,-200,699.28,,,582,585
DCE.y.HOT,SHORT,202109130945,9048,202109130950,9042,2,120,120,-200,819.28,,,584,585
DCE.cs.HOT,SHORT,202109130905,2831,202109130950,2835,5,-200,250,-350,609.24,,,576,585
DCE.y.HOT,LONG,202109130950,9042,202109130955,9038,4,-160,400,-480,447.73,,,585,586
DCE.cs.HOT,LONG,202109130950,2835,202109130955,2835,1,0,20,-10,437.69,,,585,586
DCE.m.HOT,LONG,202109130905,3536,202109131000,3529,5,-350,550,-600,81.65,,,576,587
DCE.y.HOT,SHORT,202109130955,9038,202109131000,9036,4,80,320,-80,154.1,,,586,587
DCE.cs.HOT,SHORT,202109130955,2835,202109131000,2839,4,-160,0,-200,-18.45,,,586,587
DCE.m.HOT,SHORT,202109131000,3529,202109131005,3525,2,80,140,-20,54,,,587,588
DCE.cs.HOT,LONG,202109131000,2839,202109131005,2841,1,20,20,-10,74,,,587,588
DCE.cs.HOT,LONG,202109131000,2839,202109131015,2841,4,80,160,-80,149.47,,,587,590
DCE.cs.HOT,LONG,202109131010,2838,202109131015,2841,1,30,50,0,179.47,,,589,590
DCE.cs.HOT,SHORT,202109131015,2841,202109131035,2838,3,90,150,-30,263.43,,,590,591
DCE.cs.HOT,SHORT,202109131015,2841,202109131045,2840,1,10,200,-40,267.39,,,590,593
DCE.cs.HOT,SHORT,202109131040,2839,202109131045,2840,3,-30,60,-30,237.39,,,592,593
DCE.m.HOT,SHORT,202109131000,3529,202109131050,3529,1,-0,116.667,-30,237.39,,,587,594
DCE.c.HOT,SHORT,202109130935,2461,202109131050,2475,4,-560,40,-560,-322.61,,,582,594
DCE.c.HOT,SHORT,202109130940,2461,202109131050,2475,1,-140,10,-140,-462.61,,,583,594
DCE.c.HOT,LONG,202109131050,2475,202109131100,2473,1,-20,10,-30,-496.21,,,594,596
DCE.c.HOT,LONG,202109131050,2475,202109131105,2472,4,-120,50,-150,-616.21,,,594,597
DCE.m.HOT,SHORT,202109131000,3529,202109131110,3533,2,-80,350,-100,-702.26,,,587,598
DCE.m.HOT,SHORT,202109131010,3524,202109131115,3535,2,-220,20,-240,-922.26,,,589,599
DCE.m.HOT,SHORT,202109131055,3531,202109131115,3535,1,-40,40,-50,-962.26,,,595,599
DCE.c.HOT,SHORT,202109131105,2472,202109131115,2477,1,-50,0,-50,-1012.26,,,597,599
DCE.c.HOT,SHORT,202109131105,2472,202109131125,2476,4,-160,0,-250,-1179.81,,,597,601
DCE.c.HOT,LONG,202109131125,2476,202109131130,2477,2,20,40,0,-1162.23,,,601,602
DCE.cs.HOT,SHORT,202109131040,2839,202109131335,2840,1,-10,80,-60,-1178.28,,,592,603
DCE.c.HOT,SHORT,202109131130,2477,202109131340,2479,5,-100,50,-150,-1278.28,,,602,604
DCE.c.HOT,LONG,202109131340,2479,202109131405,2482,2,60,100,-20,-1225.84,,,604,609
DCE.c.HOT,LONG,202109131340,2479,202109131410,2479,3,0,250,-50,-1225.84,,,604,610
DCE.c.HOT,SHORT,202109131410,2479,202109131500,2477,1,20,60,-10,-1211.89,,,610,620
DCE.c.HOT,SHORT,202109131410,2479,202109132105,2475,4,160,300,-50,-1056.73,,,610,621
DCE.cs.HOT,SHORT,202109131050,2843,202109132110,2832,4,440,840,-360,-628.82,,,594,622
DCE.cs.HOT,SHORT,202109131345,2847,202109132110,2832,1,150,250,-50,-480.33,,,605,622
DCE.cs.HOT,LONG,202109132110,2832,202109132115,2822,5,-500,0,-500,-987.88,,,622,623
DCE.y.HOT,LONG,202109131000,9036,202109132125,8990,5,-2300,1500,-2800,-3307.98,,,587,625
DCE.y.HOT,SHORT,202109132125,8990,202109132130,8994,3,-120,180,-420,-3440.53,,,625,626
DCE.m.HOT,LONG,202109131120,3534,202109132135,3514,5,-1000,200,-1100,-4448.08,,,600,627
DCE.y.HOT,SHORT,202109132125,8990,202109132135,8986,2,80,300,-700,-4375.63,,,625,627
DCE.cs.HOT,SHORT,202109132115,2822,202109132135,2825,3,-90,0,-270,-4465.63,,,623,627
DCE.cs.HOT,SHORT,202109132120,2828,202109132135,2825,2,60,80,-40,-4405.63,,,624,627
DCE.c.HOT,LONG,202109132105,2475,202109132140,2461,1,-140,10,-140,-4565.73,,,621,628
DCE.c.HOT,LONG,202109132105,2475,202109132145,2460,4,-600,50,-700,-5165.73,,,621,629
DCE.m.HOT,SHORT,202109132135,3514,202109132150,3519,5,-250,300,-400,-5421.78,,,627,630
DCE.y.HOT,SHORT,202109132140,9000,202109132150,8990,3,300,480,-300,-5127.82,,,628,630
DCE.c.HOT,SHORT,202109132145,2460,202109132155,2458,5,100,150,-100,-5036.86,,,629,631
DCE.y.HOT,SHORT,202109132140,9000,202109132205,8982,2,360,800,-500,-4682.91,,,628,633
DCE.y.HOT,SHORT,202109132155,8980,202109132205,8982,3,-60,120,-300,-4742.91,,,631,633
DCE.y.HOT,LONG,202109132205,8982,202109132210,8966,2,-320,120,-320,-5075.46,,,633,634
DCE.y.HOT,LONG,202109132205,8982,202109132215,8962,3,-600,300,-900,-5675.46,,,633,635
DCE.c.HOT,LONG,202109132155,2458,202109132215,2459,2,20,80,-40,-5662.99,,,631,635
DCE.y.HOT,SHORT,202109132215,8962,202109132220,8964,3,-60,120,-420,-5722.99,,,635,636
DCE.c.HOT,LONG,202109132155,2458,202109132220,2459,3,30,200,-100,-5700.52,,,631,636
DCE.y.HOT,LONG,202109132220,8964,202109132225,8942,3,-660,60,-900,-6366.57,,,636,637
DCE.c.HOT,SHORT,202109132220,2459,202109132230,2459,4,-0,40,-80,-6379.12,,,636,638
DCE.cs.HOT,LONG,202109132135,2825,202109140920,2799,1,-260,40,-270,-6643.96,,,627,648
DCE.cs.HOT,LONG,202109132135,2825,202109140930,2809,4,-640,200,-1350,-7285.47,,,627,650
DCE.cs.HOT,LONG,202109140925,2808,202109140930,2809,1,10,40,-10,-7275.47,,,649,650
DCE.cs.HOT,SHORT,202109140930,2809,202109140935,2810,3,-30,30,-150,-7310,,,650,651
DCE.cs.HOT,LONG,202109140935,2810,202109140940,2810,3,0,60,-30,-7317.55,,,651,652
DCE.cs.HOT,LONG,202109140935,2810,202109140945,2809,2,-20,100,-50,-7337.55,,,651,653
DCE.c.HOT,SHORT,202109132220,2459,202109140955,2460,1,-10,50,-100,-7355.1,,,636,655
DCE.c.HOT,SHORT,202109132235,2458,202109140955,2460,2,-40,60,-120,-7395.1,,,639,655
DCE.c.HOT,SHORT,202109132235,2458,202109141000,2458,2,-0,120,-240,-7395.1,,,639,656
DCE.c.HOT,LONG,202109141000,2458,202109141015,2458,5,0,0,-100,-7401.15,,,656,659
DCE.cs.HOT,SHORT,202109140945,2809,202109141040,2808,5,50,500,-50,-7357.2,,,653,661
DCE.c.HOT,SHORT,202109141015,2458,202109141045,2459,1,-10,20,-20,-7371.73,,,659,662
DCE.y.HOT,SHORT,202109132225,8942,202109141050,8950,5,-400,1500,-2200,-7774.75,,,637,663
DCE.c.HOT,SHORT,202109141015,2458,202109141050,2459,4,-40,100,-120,-7827.3,,,659,663
DCE.c.HOT,LONG,202109141050,2459,202109141125,2458,1,-10,20,-20,-7843.35,,,663,670
DCE.y.HOT,LONG,202109141050,8950,202109142105,9002,5,2600,3500,-600,-5257.11,,,663,690
DCE.y.HOT,SHORT,202109142105,9002,202109142110,9000,5,100,400,-1500,-5169.66,,,690,691
DCE.c.HOT,LONG,202109141050,2459,202109142115,2461,4,80,280,-120,-5107.05,,,663,692
DCE.c.HOT,LONG,202109141130,2459,202109142115,2461,1,20,70,-30,-5088.26,,,671,692
DCE.c.HOT,SHORT,202109142115,2461,202109142120,2469,5,-400,50,-400,-5494.31,,,692,693
DCE.cs.HOT,LONG,202109141040,2808,202109142120,2817,1,90,170,-50,-5411.87,,,661,693
DCE.c.HOT,LONG,202109142120,2469,202109142205,2470,5,50,300,-50,-5363.38,,,693,702
DCE.c.HOT,SHORT,202109142205,2470,202109142215,2469,5,50,100,-100,-5319.43,,,702,704
DCE.y.HOT,LONG,202109142110,9000,202109142255,8938,5,-3100,600,-3500,-8425.48,,,691,712
DCE.y.HOT,SHORT,202109142255,8938,202109142300,8936,2,40,280,-80,-8390.5,,,712,713
DCE.y.HOT,LONG,202109142300,8936,202109150905,8918,5,-900,100,-1500,-9303.05,,,713,714
DCE.y.HOT,SHORT,202109150905,8918,202109150910,8924,5,-300,300,-800,-9615.6,,,714,715
DCE.y.HOT,LONG,202109150910,8924,202109150915,8886,5,-1900,0,-2000,-11528.1,,,715,716
DCE.y.HOT,SHORT,202109150915,8886,202109150950,8914,5,-1400,300,-2300,-12940.7,,,716,723
DCE.m.HOT,LONG,202109132150,3519,202109151050,3527,4,320,1360,-200,-12639.3,,,630,732
DCE.m.HOT,LONG,202109132155,3518,202109151050,3527,1,90,350,-40,-12550.8,,,631,732
DCE.m.HOT,SHORT,202109151055,3529,202109151100,3529,5,-0,100,-50,-12558.3,,,733,734
DCE.c.HOT,LONG,202109142215,2469,202109151100,2469,1,0,60,-40,-12564.4,,,704,734
DCE.cs.HOT,LONG,202109141040,2808,202109151105,2814,1,60,255,-75,-12508.6,,,661,735
DCE.cs.HOT,LONG,202109141040,2808,202109151110,2815,1,70,510,-150,-12440.1,,,661,736
DCE.cs.HOT,LONG,202109141045,2811,202109151110,2815,2,80,280,-160,-12363.1,,,662,736
DCE.cs.HOT,LONG,202109142125,2818,202109151110,2815,1,-30,60,-90,-12393.1,,,694,736
DCE.cs.HOT,SHORT,202109151110,2815,202109151115,2815,3,-0,30,0,-12397.7,,,736,737
DCE.cs.HOT,LONG,202109151115,2815,202109151120,2814,3,-30,0,-60,-12432.2,,,737,738
DCE.cs.HOT,SHORT,202109151120,2814,202109151335,2814,2,-0,60,-20,-12439.8,,,738,741
DCE.c.HOT,LONG,202109142215,2469,202109151340,2463,2,-120,180,-120,-12559.8,,,704,742
DCE.c.HOT,LONG,202109142220,2471,202109151340,2463,2,-160,80,-160,-12719.8,,,705,742
DCE.c.HOT,LONG,202109151105,2469,202109151340,2463,1,-60,0,-60,-12779.8,,,735,742
DCE.cs.HOT,SHORT,202109151120,2814,202109151340,2812,3,60,150,-60,-12725.8,,,738,742
DCE.c.HOT,SHORT,202109151340,2463,202109151350,2462,5,50,100,0,-12683.4,,,742,744
DCE.c.HOT,LONG,202109151350,2462,202109151355,2460,1,-20,0,-30,-12709.4,,,744,745
DCE.m.HOT,LONG,202109151100,3529,202109151400,3534,4,200,360,0,-12509.4,,,734,746
DCE.m.HOT,LONG,202109151105,3532,202109151400,3534,1,20,60,-20,-12489.4,,,735,746
DCE.m.HOT,SHORT,202109151400,3534,202109151420,3535,2,-20,60,-40,-12518.2,,,746,750
DCE.m.HOT,SHORT,202109151400,3534,202109151425,3534,2,-0,120,-80,-12518.2,,,746,751
DCE.m.HOT,SHORT,202109151405,3534,202109151425,3534,1,-0,20,-20,-12518.2,,,747,751
DCE.c.HOT,LONG,202109151350,2462,202109151455,2460,4,-80,0,-280,-12605.7,,,744,757
DCE.c.HOT,LONG,202109151400,2457,202109151455,2460,1,30,50,-20,-12575.7,,,746,757
DCE.c.HOT,SHORT,202109151455,2460,202109151500,2459,1,10,20,-10,-12566.9,,,757,758
DCE.c.HOT,LONG,202109152105,2457,202109152110,2461,2,80,100,0,-12489.3,,,759,760
DCE.c.HOT,SHORT,202109152110,2461,202109152115,2457,5,200,250,0,-12295.4,,,760,761
DCE.c.HOT,LONG,202109152115,2457,202109152125,2456,2,-20,40,-80,-12321.4,,,761,763
DCE.c.HOT,LONG,202109152120,2457,202109152125,2456,3,-30,30,-60,-12351.4,,,762,763
DCE.c.HOT,SHORT,202109152125,2456,202109152130,2450,2,120,120,0,-12237.5,,,763,764
DCE.m.HOT,LONG,202109151425,3534,202109152135,3530,1,-40,140,-40,-12279,,,751,765
DCE.m.HOT,LONG,202109151430,3539,202109152135,3530,4,-360,360,-360,-12645,,,752,765
DCE.m.HOT,SHORT,202109152135,3530,202109152145,3514,5,800,800,0,-11855,,,765,767
DCE.c.HOT,SHORT,202109152125,2456,202109152155,2452,3,120,300,-90,-11742.6,,,763,769
DCE.c.HOT,SHORT,202109152135,2456,202109152155,2452,2,80,100,-60,-11662.6,,,765,769
DCE.m.HOT,LONG,202109152145,3514,202109160905,3541,1,270,210,-30,-11398.6,,,767,783
DCE.m.HOT,LONG,202109152150,3516,202109160905,3541,4,1000,760,-120,-10398.6,,,768,783
DCE.c.HOT,LONG,202109152155,2452,202109160910,2445,5,-350,100,-350,-10756.2,,,769,784
DCE.m.HOT,SHORT,202109160905,3541,202109160915,3545,2,-80,60,-120,-10842.2,,,783,785
DCE.m.HOT,SHORT,202109160910,3544,202109160915,3545,3,-30,30,-60,-10872.2,,,784,785
DCE.c.HOT,SHORT,202109160910,2445,202109160915,2453,2,-160,20,-160,-11039.8,,,784,785
DCE.c.HOT,SHORT,202109160910,2445,202109160955,2448,3,-90,50,-400,-11132.2,,,784,793
DCE.c.HOT,SHORT,202109160920,2452,202109160955,2448,2,80,100,-120,-11052.2,,,786,793
DCE.m.HOT,LONG,202109160915,3545,202109161005,3535,5,-500,250,-500,-11558.2,,,785,795
DCE.cs.HOT,LONG,202109151340,2812,202109161010,2795,1,-170,0,-200,-11737.3,,,742,796
DCE.m.HOT,SHORT,202109161005,3535,202109161015,3535,2,-0,60,-40,-11737.3,,,795,797
DCE.cs.HOT,LONG,202109151340,2812,202109161015,2797,3,-450,0,-750,-12191.8,,,742,797
DCE.m.HOT,SHORT,202109161005,3535,202109161035,3535,3,-0,150,-100,-12191.8,,,795,798
DCE.y.HOT,LONG,202109150950,8914,202109161110,9110,5,9800,14300,-600,-2417.97,,,723,805
DCE.y.HOT,SHORT,202109161110,9110,202109161355,9100,1,100,400,-140,-2330.52,,,805,814
DCE.y.HOT,SHORT,202109161110,9110,202109161400,9088,4,880,2000,-700,-1450.52,,,805,815
DCE.y.HOT,LONG,202109161400,9088,202109161405,9084,5,-200,300,-400,-1663.07,,,815,816
DCE.c.HOT,LONG,202109160955,2448,202109161430,2441,4,-280,80,-320,-1955.62,,,793,821
DCE.cs.HOT,LONG,202109151340,2812,202109161450,2808,1,-40,250,-1000,-2001.97,,,742,825
DCE.cs.HOT,LONG,202109161035,2797,202109161450,2808,4,440,1600,-80,-1561.97,,,798,825
DCE.y.HOT,SHORT,202109161405,9084,202109161500,9104,5,-1000,800,-2300,-2568.01,,,816,827
DCE.cs.HOT,LONG,202109161455,2811,202109161500,2814,4,120,120,-40,-2455.54,,,826,827
DCE.c.HOT,LONG,202109160955,2448,202109162105,2442,1,-60,100,-400,-2527.81,,,793,828
DCE.c.HOT,LONG,202109161435,2441,202109162105,2442,4,40,0,-200,-2492.65,,,822,828
DCE.cs.HOT,SHORT,202109161500,2814,202109162105,2825,4,-440,40,-320,-2944.74,,,827,828
DCE.c.HOT,SHORT,202109162105,2442,202109162110,2444,1,-20,10,-50,-2969.27,,,828,829
DCE.cs.HOT,LONG,202109162105,2825,202109162110,2820,1,-50,90,-50,-3019.27,,,828,829
DCE.m.HOT,LONG,202109161035,3535,202109162115,3567,3,960,1140,-360,-2063.8,,,798,830
DCE.c.HOT,SHORT,202109162105,2442,202109162115,2445,4,-120,50,-250,-2183.8,,,828,830
DCE.cs.HOT,LONG,202109162105,2825,202109162115,2826,2,20,270,-240,-2169.85,,,828,830
DCE.cs.HOT,SHORT,202109162115,2826,202109162120,2828,5,-100,150,-150,-2278.91,,,830,831
DCE.m.HOT,LONG,202109161035,3535,202109162125,3575,2,800,1900,-600,-1489.48,,,798,832
DCE.m.HOT,LONG,202109162120,3574,202109162125,3575,1,10,110,0,-1479.48,,,831,832
DCE.cs.HOT,LONG,202109162120,2828,202109162125,2835,3,210,240,0,-1277.03,,,831,832
DCE.cs.HOT,LONG,202109162120,2828,202109162130,2830,2,40,400,-20,-1237.03,,,831,833
DCE.cs.HOT,SHORT,202109162130,2830,202109162140,2830,5,-0,100,-200,-1244.58,,,833,835
DCE.cs.HOT,LONG,202109162140,2830,202109162150,2827,1,-30,20,-50,-1279.11,,,835,837
DCE.cs.HOT,LONG,202109162140,2830,202109162205,2828,2,-40,60,-150,-1322.13,,,835,840
DCE.cs.HOT,LONG,202109162155,2827,202109162205,2828,2,20,40,-60,-1302.13,,,838,840
DCE.cs.HOT,LONG,202109162210,2828,202109162215,2828,1,0,0,-30,-1305.15,,,841,842
DCE.cs.HOT,LONG,202109162210,2828,202109162225,2830,1,20,30,-60,-1289.68,,,841,844
DCE.cs.HOT,LONG,202109162220,2828,202109162225,2830,3,60,90,0,-1229.68,,,843,844
DCE.cs.HOT,SHORT,202109162225,2830,202109162235,2826,4,160,200,-80,-1075.72,,,844,846
DCE.y.HOT,LONG,202109161500,9104,202109162240,9058,2,-920,480,-1080,-2000.74,,,827,847
DCE.m.HOT,SHORT,202109162125,3575,202109170935,3567,5,400,500,-800,-1613.31,,,832,858
DCE.cs.HOT,LONG,202109162240,2823,202109170935,2819,4,-160,240,-240,-1780.86,,,847,858
DCE.cs.HOT,LONG,202109162250,2824,202109170935,2819,1,-50,50,-70,-1830.86,,,849,858
DCE.y.HOT,LONG,202109161500,9104,202109171015,9036,1,-680,720,-1620,-2520.92,,,827,866
DCE.y.HOT,LONG,202109162105,9094,202109171015,9036,2,-1160,680,-1320,-3680.92,,,828,866
DCE.y.HOT,LONG,202109162245,9058,202109171015,9036,1,-220,360,-300,-3900.92,,,848,866
DCE.y.HOT,LONG,202109162250,9030,202109171015,9036,1,60,640,-20,-3840.92,,,849,866
DCE.y.HOT,SHORT,202109171015,9036,202109171035,9042,5,-300,100,-800,-4153.47,,,866,867
DCE.m.HOT,LONG,202109170935,3567,202109171040,3560,5,-350,0,-650,-4516.02,,,858,868
DCE.cs.HOT,SHORT,202109170935,2819,202109171040,2833,4,-560,160,-640,-5083.57,,,858,868
DCE.cs.HOT,SHORT,202109170940,2821,202109171040,2833,1,-120,40,-140,-5203.57,,,859,868
DCE.cs.HOT,LONG,202109171040,2833,202109171045,2832,4,-40,120,-120,-5249.61,,,868,869
DCE.cs.HOT,SHORT,202109171045,2832,202109171050,2836,5,-200,50,-200,-5457.16,,,869,870
DCE.c.HOT,LONG,202109162115,2445,202109171100,2440,1,-50,30,-110,-5514.71,,,830,872
DCE.c.HOT,LONG,202109162115,2445,202109171105,2441,4,-160,150,-550,-5674.71,,,830,873
DCE.c.HOT,SHORT,202109171105,2441,202109171110,2441,5,-0,50,-50,-5680.76,,,873,874
DCE.c.HOT,LONG,202109171110,2441,202109171115,2442,2,20,40,0,-5663.18,,,874,875
DCE.m.HOT,SHORT,202109171040,3560,202109171120,3559,1,10,70,-50,-5656.81,,,868,876
DCE.m.HOT,SHORT,202109171040,3560,202109171340,3567,1,-70,87.5,-80,-5730.74,,,868,880
DCE.c.HOT,SHORT,202109171115,2442,202109171355,2441,3,30,60,-90,-5702.25,,,875,883
DCE.m.HOT,SHORT,202109171040,3560,202109171400,3567,3,-210,350,-330,-5912.25,,,868,884
DCE.m.HOT,SHORT,202109171125,3561,202109171400,3567,1,-60,60,-100,-5972.25,,,877,884
DCE.m.HOT,SHORT,202109171345,3566,202109171400,3567,1,-10,50,-30,-5982.25,,,881,884
DCE.m.HOT,LONG,202109171400,3567,202109171405,3565,3,-60,0,-90,-6053.43,,,884,885
DCE.c.HOT,SHORT,202109171120,2443,202109171405,2443,2,-0,60,-40,-6053.43,,,876,885
DCE.c.HOT,SHORT,202109171400,2443,202109171405,2443,3,-0,60,0,-6053.43,,,884,885
DCE.cs.HOT,LONG,202109171050,2836,202109171440,2851,2,300,300,-80,-5764.01,,,870,892
DCE.cs.HOT,LONG,202109171050,2836,202109171445,2858,1,220,250,-66.6667,-5544.01,,,870,893
DCE.m.HOT,LONG,202109171400,3567,202109171450,3567,1,0,70,-75,-5544.01,,,884,894
DCE.y.HOT,LONG,202109171035,9042,202109171450,8858,1,-1840,0,-2120,-7384.01,,,867,894
DCE.cs.HOT,LONG,202109171050,2836,202109171450,2866,2,600,750,-200,-6784.01,,,870,894
DCE.m.HOT,LONG,202109171400,3567,202109171455,3573,1,60,140,-150,-6731.56,,,884,895
DCE.m.HOT,LONG,202109171410,3566,202109171455,3573,2,140,160,-60,-6591.56,,,886,895
DCE.m.HOT,LONG,202109171415,3567,202109171455,3573,1,60,70,-10,-6531.56,,,887,895
DCE.m.HOT,SHORT,202109171455,3573,202109220910,3558,4,600,1040,-80,-5947.66,,,895,898
DCE.y.HOT,LONG,202109171035,9042,202109220910,8870,4,-6880,0,-10600,-12837.7,,,867,898
DCE.y.HOT,LONG,202109171455,8852,202109220910,8870,1,180,380,-660,-12660.2,,,895,898
DCE.c.HOT,LONG,202109171405,2443,202109220910,2439,1,-40,10,-130,-12714,,,885,898
DCE.cs.HOT,SHORT,202109171450,2866,202109220910,2854,5,600,750,-650,-12121.5,,,894,898
DCE.y.HOT,SHORT,202109220910,8870,202109220915,8878,5,-400,0,-2000,-12535.1,,,898,899
DCE.cs.HOT,LONG,202109220910,2854,202109220925,2875,4,840,840,-160,-11708.9,,,898,901
DCE.m.HOT,SHORT,202109171455,3573,202109220945,3542,1,310,1300,-100,-11406.4,,,895,905
DCE.m.HOT,SHORT,202109220915,3548,202109220945,3542,4,240,400,-120,-11166.4,,,899,905
DCE.c.HOT,LONG,202109171405,2443,202109220945,2446,4,120,120,-650,-11052.8,,,885,905
DCE.c.HOT,LONG,202109220915,2439,202109220945,2446,1,70,70,-10,-10982.8,,,899,905
DCE.m.HOT,LONG,202109220945,3542,202109220950,3541,1,-10,10,-30,-10997.6,,,905,906
DCE.c.HOT,SHORT,202109220945,2446,202109220950,2448,4,-80,80,-80,-11079.1,,,905,906
DCE.cs.HOT,LONG,202109220910,2854,202109220950,2878,1,240,1050,-200,-10845.2,,,898,906
DCE.cs.HOT,LONG,202109220930,2874,202109220950,2878,4,160,200,-360,-10685.2,,,902,906
DCE.m.HOT,SHORT,202109220950,3541,202109220955,3536,1,50,50,-10,-10642.7,,,906,907
DCE.cs.HOT,SHORT,202109220950,2878,202109221040,2894,5,-800,0,-1450,-11450.3,,,906,913
DCE.cs.HOT,LONG,202109221040,2894,202109221050,2895,5,50,150,-150,-11407.8,,,913,915
DCE.m.HOT,LONG,202109220955,3536,202109221105,3549,1,130,150,-40,-11285.4,,,907,918
DCE.m.HOT,LONG,202109220955,3536,202109221110,3545,4,360,750,-200,-10925.4,,,907,919
DCE.c.HOT,LONG,202109220950,2448,202109221120,2465,5,850,850,0,-10082.9,,,906,921
DCE.c.HOT,LONG,202109221125,2464,202109221130,2465,3,30,30,-30,-10057.8,,,922,923
DCE.c.HOT,LONG,202109221125,2464,202109221335,2464,1,0,40,-40,-10057.8,,,922,924
DCE.c.HOT,SHORT,202109221335,2464,202109221340,2462,5,100,200,-100,-9963.81,,,924,925
DCE.c.HOT,LONG,202109221340,2462,202109221345,2459,4,-120,0,-160,-10088.7,,,925,926
DCE.c.HOT,SHORT,202109221345,2459,202109221350,2459,5,-0,100,-50,-10094.7,,,926,927
DCE.cs.HOT,SHORT,202109221050,2895,202109221400,2891,1,40,100,-100,-10060.8,,,915,929
DCE.cs.HOT,SHORT,202109221050,2895,202109221410,2891,4,160,500,-500,-9900.75,,,915,931
DCE.cs.HOT,LONG,202109221410,2891,202109221440,2899,3,240,270,-90,-9668.3,,,931,937
DCE.cs.HOT,LONG,202109221410,2891,202109221445,2898,2,140,450,-150,-9528.3,,,931,938
DCE.cs.HOT,SHORT,202109221445,2898,202109221450,2897,5,50,100,-100,-9485.85,,,938,939
DCE.m.HOT,SHORT,202109221115,3545,202109221500,3536,4,360,600,-40,-9133.4,,,920,941
DCE.m.HOT,SHORT,202109221120,3542,202109221500,3536,1,60,120,-40,-9073.4,,,921,941
DCE.cs.HOT,LONG,202109221450,2897,202109221500,2897,5,0,100,-250,-9073.4,,,939,941
DCE.cs.HOT,SHORT,202109221500,2897,202109222105,2894,1,30,50,-10,-9053.97,,,941,942
DCE.cs.HOT,LONG,202109222105,2894,202109222125,2877,5,-850,0,-1050,-9911.52,,,942,946
DCE.cs.HOT,SHORT,202109222125,2877,202109222140,2882,1,-50,20,-60,-9969.07,,,946,949
DCE.c.HOT,LONG,202109221350,2459,202109222145,2461,4,80,280,-80,-9893.91,,,927,950
DCE.cs.HOT,SHORT,202109222125,2877,202109222145,2880,3,-90,80,-240,-9983.91,,,946,950
DCE.cs.HOT,SHORT,202109222130,2879,202109222145,2880,1,-10,40,-40,-9993.91,,,947,950
DCE.c.HOT,LONG,202109221355,2461,202109222150,2460,1,-10,50,-40,-10011.2,,,928,951
DCE.c.HOT,SHORT,202109222150,2460,202109222205,2460,5,-0,50,-50,-10018.7,,,951,954
DCE.cs.HOT,LONG,202109222145,2880,202109222205,2878,4,-80,40,-200,-10099.9,,,950,954
DCE.cs.HOT,LONG,202109222150,2879,202109222205,2878,1,-10,10,-40,-10109.9,,,951,954
DCE.c.HOT,LONG,202109222205,2460,202109222210,2461,1,10,10,-10,-10107.5,,,954,955
DCE.cs.HOT,SHORT,202109222205,2878,202109230915,2885,1,-70,0,-90,-10183.5,,,954,968
DCE.cs.HOT,SHORT,202109222205,2878,202109230935,2886,4,-320,40,-600,-10505,,,954,972
DCE.cs.HOT,SHORT,202109230920,2889,202109230935,2886,1,30,120,-40,-10475,,,969,972
DCE.m.HOT,LONG,202109222105,3540,202109231000,3548,5,400,1100,0,-10082.6,,,942,977
DCE.cs.HOT,LONG,202109230935,2886,202109231050,2892,5,300,450,-200,-9790.14,,,972,984
DCE.m.HOT,SHORT,202109231000,3548,202109231055,3539,1,90,130,-40,-9707.69,,,977,985
DCE.cs.HOT,SHORT,202109231050,2892,202109231100,2894,5,-100,150,-150,-9809.2,,,984,986
DCE.cs.HOT,LONG,202109231100,2894,202109231105,2893,1,-10,0,-30,-9826.75,,,986,987
DCE.m.HOT,SHORT,202109231000,3548,202109231110,3540,4,320,650,-200,-9506.75,,,977,988
DCE.m.HOT,SHORT,202109231100,3540,202109231110,3540,1,-0,10,-30,-9506.75,,,986,988
DCE.m.HOT,LONG,202109231110,3540,202109231115,3537,3,-90,0,-120,-9604.3,,,988,989
DCE.m.HOT,LONG,202109231110,3540,202109231120,3539,1,-10,0,-160,-9614.3,,,988,990
DCE.cs.HOT,LONG,202109231100,2894,202109231120,2898,4,160,200,-150,-9460.34,,,986,990
DCE.cs.HOT,LONG,202109231110,2894,202109231120,2898,1,40,50,-10,-9420.34,,,988,990
DCE.m.HOT,SHORT,202109231120,3539,202109231125,3540,1,-10,30,-20,-9433.36,,,990,991
DCE.cs.HOT,SHORT,202109231120,2898,202109231125,2897,2,20,40,-20,-9413.36,,,990,991
DCE.m.HOT,SHORT,202109231120,3539,202109231335,3543,3,-120,120,-180,-9542.42,,,990,993
DCE.m.HOT,SHORT,202109231130,3543,202109231335,3543,1,-0,20,-20,-9542.42,,,992,993
DCE.m.HOT,LONG,202109231335,3543,202109231420,3543,5,0,350,-200,-9549.97,,,993,1002
DCE.m.HOT,SHORT,202109231420,3543,202109231425,3541,3,60,90,0,-9494.5,,,1002,1003
DCE.m.HOT,SHORT,202109231430,3542,202109231435,3539,1,30,30,0,-9466.01,,,1004,1005
DCE.cs.HOT,LONG,202109231125,2897,202109231435,2892,3,-150,60,-240,-9622.05,,,991,1005
DCE.cs.HOT,LONG,202109231130,2898,202109231435,2892,2,-120,20,-180,-9742.05,,,992,1005
DCE.m.HOT,LONG,202109231435,3539,202109231440,3542,4,120,120,0,-9622.05,,,1005,1006
DCE.m.HOT,SHORT,202109231440,3542,202109231445,3543,5,-50,50,-200,-9687.15,,,1006,1007
DCE.m.HOT,LONG,202109231445,3543,202109231450,3541,1,-20,10,-30,-9708.66,,,1007,1008
DCE.cs.HOT,LONG,202109231440,2893,202109231450,2893,1,0,10,-30,-9711.68,,,1006,1008
DCE.m.HOT,SHORT,202109231450,3541,202109231455,3540,2,20,40,-20,-9691.68,,,1008,1009
DCE.m.HOT,LONG,202109231455,3540,202109231500,3540,3,0,0,-90,-9697.72,,,1009,1010
DCE.m.HOT,SHORT,202109231500,3540,202109232105,3535,1,50,70,0,-9650.74,,,1010,1011
DCE.m.HOT,LONG,202109232105,3535,202109232140,3528,2,-140,140,-160,-9798.29,,,1011,1018
DCE.m.HOT,LONG,202109232105,3535,202109232145,3528,3,-210,350,-400,-10008.3,,,1011,1019
DCE.cs.HOT,LONG,202109231440,2893,202109232145,2915,4,880,1400,-400,-9137.35,,,1006,1019
DCE.cs.HOT,LONG,202109231455,2889,202109232145,2915,1,260,390,-60,-8878.86,,,1009,1019
DCE.m.HOT,SHORT,202109232145,3528,202109232155,3529,2,-20,40,-100,-8910.94,,,1019,1021
DCE.m.HOT,SHORT,202109232150,3530,202109232155,3529,3,30,90,-60,-8880.94,,,1020,1021
DCE.cs.HOT,SHORT,202109232145,2915,202109232210,2916,2,-20,140,-40,-8908.49,,,1019,1024
DCE.cs.HOT,SHORT,202109232150,2913,202109232210,2916,1,-30,50,-40,-8938.49,,,1020,1024
DCE.cs.HOT,SHORT,202109232150,2913,202109232215,2917,2,-80,150,-120,-9018.49,,,1020,1025
DCE.cs.HOT,LONG,202109232215,2917,202109232220,2916,4,-40,40,-120,-9064.53,,,1025,1026
DCE.cs.HOT,SHORT,202109232220,2916,202109232225,2918,3,-60,120,-60,-9129.06,,,1026,1027
DCE.cs.HOT,LONG,202109232225,2918,202109232230,2918,1,0,0,-20,-9135.1,,,1027,1028
DCE.m.HOT,LONG,202109232155,3529,202109240925,3523,5,-300,350,-750,-9438.12,,,1021,1039
DCE.cs.HOT,LONG,202109232225,2918,202109241050,2915,3,-90,120,-420,-9535.67,,,1027,1053
DCE.cs.HOT,LONG,202109232235,2917,202109241050,2915,2,-40,100,-260,-9575.67,,,1029,1053
DCE.cs.HOT,SHORT,202109241050,2915,202109241120,2914,5,50,250,-50,-9533.22,,,1053,1059
DCE.c.HOT,SHORT,202109222210,2461,202109241355,2489,2,-560,40,-580,-10103.2,,,955,1066
DCE.c.HOT,SHORT,202109222215,2459,202109241435,2487,3,-840,0,-930,-10949.2,,,956,1074
DCE.c.HOT,SHORT,202109241400,2487,202109241445,2486,2,20,40,-60,-10932.9,,,1067,1076
DCE.c.HOT,SHORT,202109241440,2486,202109241445,2486,3,-0,30,-30,-10932.9,,,1075,1076
DCE.c.HOT,LONG,202109241445,2486,202109241450,2486,5,0,50,-150,-10938.9,,,1076,1077
DCE.c.HOT,SHORT,202109241450,2486,202109241455,2485,1,10,20,0,-10935,,,1077,1078
DCE.c.HOT,SHORT,202109241450,2486,202109241500,2485,3,30,90,0,-10905,,,1077,1079
DCE.m.HOT,SHORT,202109240925,3523,202109242105,3510,4,520,600,-920,-10391,,,1039,1080
DCE.c.HOT,SHORT,202109241450,2486,202109242105,2485,1,10,120,-10,-10382.2,,,1077,1080
DCE.c.HOT,LONG,202109242105,2485,202109242110,2479,2,-120,60,-120,-10514.3,,,1080,1081
DCE.m.HOT,SHORT,202109240925,3523,202109242250,3495,1,280,750,-1150,-10238.2,,,1039,1101
DCE.m.HOT,SHORT,202109242110,3513,202109242250,3495,4,720,760,-160,-9518.24,,,1081,1101
DCE.c.HOT,LONG,202109242105,2485,202109270915,2477,3,-240,150,-600,-9765.79,,,1080,1106
DCE.c.HOT,LONG,202109242115,2482,202109270915,2477,1,-50,10,-170,-9815.79,,,1082,1106
DCE.c.HOT,LONG,202109242120,2478,202109270915,2477,1,-10,10,-130,-9825.79,,,1083,1106
DCE.m.HOT,LONG,202109242250,3495,202109270920,3508,1,130,180,-80,-9701.84,,,1101,1107
DCE.m.HOT,LONG,202109242255,3491,202109270920,3508,4,680,880,-80,-9021.84,,,1102,1107
DCE.cs.HOT,LONG,202109241120,2914,202109270930,2926,1,120,350,-190,-8910.9,,,1059,1109
DCE.cs.HOT,LONG,202109241120,2914,202109271005,2928,4,560,1750,-950,-8358.45,,,1059,1116
DCE.cs.HOT,LONG,202109270935,2921,202109271005,2928,1,70,90,-50,-8288.45,,,1110,1116
DCE.c.HOT,SHORT,202109270915,2477,202109271115,2482,1,-50,40,-140,-8346,,,1106,1127
DCE.c.HOT,SHORT,202109270915,2477,202109271120,2482,4,-200,200,-700,-8546,,,1106,1128
DCE.cs.HOT,SHORT,202109271005,2928,202109271450,2947,5,-950,0,-1500,-9502.05,,,1116,1146
DCE.cs.HOT,LONG,202109271450,2947,202109272110,2943,5,-200,300,-450,-9717.15,,,1146,1150
DCE.m.HOT,SHORT,202109270920,3508,202109272115,3540,2,-640,60,-700,-10364.7,,,1107,1151
DCE.cs.HOT,SHORT,202109272110,2943,202109272115,2943,3,-0,150,-90,-10364.7,,,1150,1151
DCE.m.HOT,SHORT,202109270920,3508,202109272120,3542,3,-1020,150,-1750,-11396.8,,,1107,1152
DCE.cs.HOT,LONG,202109272115,2943,202109272120,2941,5,-100,150,-100,-11496.8,,,1151,1152
DCE.m.HOT,SHORT,202109272125,3544,202109272135,3541,1,30,30,-20,-11481.9,,,1153,1155
DCE.m.HOT,SHORT,202109272125,3544,202109272230,3542,1,20,110,-25,-11463.4,,,1153,1166
DCE.m.HOT,SHORT,202109272125,3544,202109272235,3539,3,150,440,-100,-11313.4,,,1153,1167
DCE.m.HOT,SHORT,202109272140,3542,202109272235,3539,1,30,50,-40,-11283.4,,,1156,1167
DCE.m.HOT,LONG,202109272235,3539,202109280910,3532,5,-350,350,-800,-11640.9,,,1167,1174
DCE.m.HOT,SHORT,202109280910,3532,202109280915,3524,5,400,450,-100,-11248.5,,,1174,1175
DCE.cs.HOT,SHORT,202109272120,2941,202109280935,2959,1,-180,40,-310,-11436,,,1152,1179
DCE.cs.HOT,SHORT,202109272120,2941,202109280945,2965,4,-960,200,-1550,-12397.6,,,1152,1181
DCE.cs.HOT,SHORT,202109280940,2961,202109280945,2965,1,-40,30,-50,-12437.6,,,1180,1181
DCE.cs.HOT,LONG,202109280945,2965,202109281000,2964,2,-20,20,-120,-12465.1,,,1181,1184
DCE.cs.HOT,LONG,202109280950,2964,202109281000,2964,1,0,10,-50,-12465.1,,,1182,1184
DCE.cs.HOT,LONG,202109280950,2964,202109281350,2965,2,20,120,-150,-12449.6,,,1182,1203
DCE.cs.HOT,LONG,202109281005,2961,202109281355,2964,3,90,270,-30,-12359.6,,,1185,1204
DCE.cs.HOT,SHORT,202109281355,2964,202109281440,2964,5,-0,300,-50,-12367.2,,,1204,1213
DCE.c.HOT,LONG,202109271120,2482,202109282115,2472,5,-500,650,-650,-12880.8,,,1128,1220
DCE.c.HOT,SHORT,202109282115,2472,202109282120,2475,5,-150,50,-200,-13036.8,,,1220,1221
DCE.c.HOT,LONG,202109282120,2475,202109282130,2476,2,20,20,-80,-13022.9,,,1221,1223
DCE.m.HOT,LONG,202109280915,3524,202109290905,3478,5,-2300,50,-2400,-15332.9,,,1175,1242
DCE.m.HOT,SHORT,202109290905,3478,202109290910,3474,2,80,100,-40,-15260.4,,,1242,1243
DCE.m.HOT,SHORT,202109290905,3478,202109290915,3474,3,120,250,-100,-15140.4,,,1242,1244
DCE.cs.HOT,LONG,202109281440,2964,202109290920,3023,4,2360,2600,-320,-12794,,,1213,1245
DCE.cs.HOT,LONG,202109281445,2962,202109290920,3023,1,610,670,-60,-12185.5,,,1214,1245
DCE.cs.HOT,SHORT,202109290920,3023,202109290925,3033,2,-200,20,-380,-12393.1,,,1245,1246
DCE.cs.HOT,SHORT,202109290920,3023,202109290930,3024,3,-30,50,-950,-12423.1,,,1245,1247
DCE.m.HOT,LONG,202109290915,3474,202109290935,3467,5,-350,100,-400,-12779.1,,,1244,1248
DCE.c.HOT,LONG,202109282120,2475,202109290935,2473,3,-60,90,-200,-12845.1,,,1221,1248
DCE.c.HOT,LONG,202109282135,2476,202109290935,2473,2,-60,40,-100,-12905.1,,,1224,1248
DCE.m.HOT,SHORT,202109290935,3467,202109290940,3466,4,40,80,-40,-12872.7,,,1248,1249
DCE.m.HOT,LONG,202109290940,3466,202109290955,3476,2,200,200,-20,-12680.2,,,1249,1252
DCE.c.HOT,SHORT,202109290935,2473,202109290955,2475,5,-100,250,-100,-12780.2,,,1248,1252
DCE.m.HOT,LONG,202109290940,3466,202109291005,3472,1,60,300,-30,-12727.8,,,1249,1254
DCE.m.HOT,LONG,202109290945,3466,202109291005,3472,2,120,200,-20,-12607.8,,,1250,1254
DCE.m.HOT,LONG,202109291000,3473,202109291005,3472,1,-10,20,-10,-12617.8,,,1253,1254
DCE.c.HOT,LONG,202109290955,2475,202109291005,2471,1,-40,0,-50,-12665.4,,,1252,1254
DCE.c.HOT,LONG,202109290955,2475,202109291010,2472,1,-30,0,-62.5,-12695.4,,,1252,1255
DCE.c.HOT,LONG,202109290955,2475,202109291015,2471,3,-120,0,-250,-12815.4,,,1252,1256
DCE.m.HOT,SHORT,202109291005,3472,202109291035,3467,5,250,350,0,-12567.8,,,1254,1257
DCE.c.HOT,SHORT,202109291015,2471,202109291045,2475,2,-80,20,-100,-12659,,,1256,1259
DCE.c.HOT,SHORT,202109291035,2471,202109291045,2475,3,-120,0,-150,-12779,,,1257,1259
DCE.m.HOT,LONG,202109291035,3467,202109291055,3469,2,40,100,-40,-12745,,,1257,1261
DCE.m.HOT,LONG,202109291035,3467,202109291100,3467,3,0,250,-100,-12745,,,1257,1262
DCE.m.HOT,SHORT,202109291100,3467,202109291110,3467,1,-0,20,-30,-12752.6,,,1262,1264
DCE.m.HOT,SHORT,202109291100,3467,202109291115,3467,3,-0,75,-112.5,-12752.6,,,1262,1265
DCE.m.HOT,SHORT,202109291100,3467,202109291120,3467,1,-0,100,-150,-12752.6,,,1262,1266
DCE.m.HOT,LONG,202109291120,3467,202109291335,3467,5,0,150,-100,-12760.1,,,1266,1269
DCE.m.HOT,SHORT,202109291335,3467,202109291350,3491,3,-720,60,-780,-13487.7,,,1269,1272
DCE.m.HOT,SHORT,202109291335,3467,202109291400,3485,2,-360,100,-1300,-13849.2,,,1269,1274
DCE.m.HOT,SHORT,202109291355,3493,202109291400,3485,1,80,100,-10,-13769.2,,,1273,1274
DCE.m.HOT,LONG,202109291400,3485,202109291405,3492,1,70,70,-10,-13706.7,,,1274,1275
DCE.m.HOT,LONG,202109291400,3485,202109291410,3488,4,120,350,-50,-13586.7,,,1274,1276
DCE.m.HOT,SHORT,202109291410,3488,202109291415,3488,4,-0,80,-120,-13592.8,,,1276,1277
DCE.m.HOT,LONG,202109291415,3488,202109291440,3485,2,-60,100,-60,-13660.3,,,1277,1282
DCE.m.HOT,LONG,202109291420,3487,202109291440,3485,3,-60,180,-60,-13720.3,,,1278,1282
DCE.m.HOT,SHORT,202109291440,3485,202109291445,3485,2,-0,80,-60,-13723.3,,,1282,1283
DCE.m.HOT,SHORT,202109291450,3481,202109291455,3481,3,-0,60,-30,-13727.9,,,1284,1285
DCE.m.HOT,LONG,202109291455,3481,202109291500,3482,1,10,20,-20,-13719.4,,,1285,1286
DCE.c.HOT,LONG,202109291045,2475,202109291500,2482,1,70,80,-30,-13656.9,,,1259,1286
DCE.c.HOT,LONG,202109291045,2475,202109292105,2481,4,240,400,-150,-13421.8,,,1259,1287
DCE.m.HOT,SHORT,202109291500,3482,202109292110,3484,2,-40,120,-100,-13470.8,,,1286,1288
DCE.m.HOT,SHORT,202109291500,3482,202109292115,3482,3,-0,300,-250,-13475.4,,,1286,1289
DCE.m.HOT,LONG,202109292115,3482,202109292205,3486,5,200,350,-200,-13282.9,,,1289,1299
DCE.m.HOT,SHORT,202109292205,3486,202109292220,3481,5,250,300,-200,-13040.5,,,1299,1302
DCE.m.HOT,LONG,202109292220,3481,202109292225,3475,2,-120,0,-160,-13163.5,,,1302,1303
DCE.cs.HOT,LONG,202109290930,3024,202109292255,3023,4,-40,280,-720,-13217.1,,,1247,1309
DCE.cs.HOT,LONG,202109290935,3018,202109292255,3023,1,50,130,-120,-13168.6,,,1248,1309
DCE.m.HOT,SHORT,202109292225,3475,202109300925,3481,5,-300,400,-500,-13476.1,,,1303,1315
DCE.cs.HOT,SHORT,202109292255,3023,202109300940,3021,1,20,140,-60,-13463.7,,,1309,1318
DCE.m.HOT,SHORT,202109300930,3475,202109300945,3467,2,160,160,0,-13303.7,,,1316,1319
DCE.cs.HOT,SHORT,202109292255,3023,202109300945,3010,4,520,700,-300,-12783.7,,,1309,1319
DCE.m.HOT,SHORT,202109300935,3471,202109301015,3466,3,150,180,-30,-12644.2,,,1317,1325
DCE.m.HOT,SHORT,202109300950,3468,202109301015,3466,2,40,60,-60,-12604.2,,,1320,1325
DCE.m.HOT,SHORT,202109301035,3464,202109301045,3463,2,20,120,-40,-12591.8,,,1326,1328
DCE.m.HOT,SHORT,202109301035,3464,202109301050,3461,3,90,300,-100,-12501.8,,,1326,1329
DCE.cs.HOT,LONG,202109300945,3010,202109301120,3028,5,900,1000,-50,-11609.3,,,1319,1335
DCE.m.HOT,LONG,202109301050,3461,202109301335,3464,2,60,80,-20,-11555.4,,,1329,1338
DCE.m.HOT,LONG,202109301055,3464,202109301335,3464,3,0,30,-120,-11555.4,,,1330,1338
DCE.cs.HOT,LONG,202109301125,3028,202109301340,3030,1,20,100,0,-11544.4,,,1336,1339
DCE.cs.HOT,LONG,202109301125,3028,202109301345,3032,3,120,400,0,-11424.4,,,1336,1340
DCE.cs.HOT,LONG,202109301335,3038,202109301345,3032,1,-60,0,-100,-11484.4,,,1338,1340
DCE.cs.HOT,SHORT,202109301345,3032,202109301350,3031,5,50,150,-100,-11442,,,1340,1341
DCE.cs.HOT,LONG,202109301350,3031,202109301440,3036,2,100,120,-100,-11349.5,,,1341,1351
DCE.cs.HOT,LONG,202109301350,3031,202109301445,3033,3,60,300,-250,-11289.5,,,1341,1352
DCE.cs.HOT,SHORT,202109301445,3033,202109301450,3032,5,50,100,-50,-11247.1,,,1352,1353
DCE.cs.HOT,LONG,202109301450,3032,202110080905,3030,1,-20,80,-40,-11276.2,,,1353,1356
DCE.c.HOT,SHORT,202109292105,2481,202110080920,2486,5,-250,500,-1950,-11533.7,,,1287,1359
DCE.c.HOT,LONG,202110080920,2486,202110080925,2485,5,-50,50,-300,-11589.8,,,1359,1360
DCE.c.HOT,SHORT,202110080925,2485,202110080930,2490,3,-150,60,-210,-11743.4,,,1360,1361
DCE.c.HOT,LONG,202110080930,2490,202110080950,2492,1,20,50,-30,-11729.4,,,1361,1365
DCE.c.HOT,LONG,202110080935,2495,202110080950,2492,4,-120,0,-320,-11849.4,,,1362,1365
DCE.m.HOT,SHORT,202109301340,3468,202110081035,3364,5,5200,6650,-400,-6663.04,,,1339,1371
DCE.c.HOT,SHORT,202110080950,2492,202110081040,2489,3,90,330,-30,-6576.06,,,1365,1372
DCE.c.HOT,SHORT,202110080955,2489,202110081040,2489,2,-0,160,0,-6576.06,,,1366,1372
DCE.m.HOT,LONG,202110081035,3364,202110081045,3361,2,-60,20,-100,-6638.48,,,1371,1373
DCE.m.HOT,SHORT,202110081045,3361,202110081050,3359,1,20,60,-20,-6629.66,,,1373,1374
DCE.c.HOT,LONG,202110081040,2489,202110081120,2486,2,-60,0,-120,-6691.17,,,1372,1380
DCE.c.HOT,LONG,202110081045,2486,202110081120,2486,3,0,60,-90,-6691.17,,,1373,1380
DCE.c.HOT,SHORT,202110081120,2486,202110082300,2501,3,-450,60,-570,-7150.85,,,1380,1424
DCE.cs.HOT,LONG,202109301450,3032,202110111120,2992,1,-400,160,-820,-7555.99,,,1353,1449
DCE.cs.HOT,LONG,202109301455,3029,202110111120,2992,3,-1110,330,-2370,-8670.52,,,1354,1449
DCE.cs.HOT,LONG,202110080910,3014,202110111120,2992,1,-220,90,-640,-8892.03,,,1357,1449
DCE.cs.HOT,SHORT,202110111120,2992,202110111340,2995,3,-90,120,-120,-8989.58,,,1449,1453
DCE.cs.HOT,SHORT,202110111130,2990,202110111340,2995,2,-100,0,-120,-9089.58,,,1451,1453
DCE.c.HOT,SHORT,202110081120,2486,202110111400,2542,2,-1120,100,-1180,-10219.6,,,1380,1457
DCE.c.HOT,SHORT,202110110905,2500,202110111400,2542,3,-1260,150,-1350,-11479.6,,,1425,1457
DCE.cs.HOT,LONG,202110111340,2995,202110111420,2993,5,-100,50,-550,-11585.6,,,1453,1461
DCE.cs.HOT,SHORT,202110111420,2993,202110112115,2970,5,1150,1350,-450,-10450.7,,,1461,1472
DCE.c.HOT,LONG,202110111400,2542,202110112135,2534,5,-400,300,-550,-10864.3,,,1457,1476
DCE.cs.HOT,LONG,202110112115,2970,202110112135,2962,4,-320,160,-920,-11190.4,,,1472,1476
DCE.cs.HOT,LONG,202110112115,2970,202110112140,2965,1,-50,200,-1150,-11240.4,,,1472,1477
DCE.c.HOT,SHORT,202110112135,2534,202110112145,2539,5,-250,100,-250,-11497.9,,,1476,1478
DCE.c.HOT,LONG,202110112145,2539,202110112150,2535,3,-120,0,-150,-11624,,,1478,1479
DCE.cs.HOT,SHORT,202110112140,2965,202110112205,2966,5,-50,100,-200,-11677.6,,,1477,1482
DCE.m.HOT,SHORT,202110081045,3361,202110112215,3319,1,420,490,-60,-11266.6,,,1373,1484
DCE.m.HOT,SHORT,202110081045,3361,202110112220,3320,3,1230,1960,-240,-10041.2,,,1373,1485
DCE.m.HOT,SHORT,202110081100,3353,202110112220,3320,1,330,410,-140,-9712.68,,,1376,1485
DCE.c.HOT,LONG,202110112145,2539,202110112225,2535,2,-80,0,-250,-9800.23,,,1478,1486
DCE.c.HOT,LONG,202110112155,2533,202110112225,2535,2,40,60,-80,-9760.23,,,1480,1486
DCE.c.HOT,LONG,202110112200,2534,202110112225,2535,1,10,20,-50,-9750.23,,,1481,1486
DCE.c.HOT,SHORT,202110112225,2535,202110112235,2534,1,10,30,0,-9746.28,,,1486,1488
DCE.c.HOT,SHORT,202110112225,2535,202110112250,2532,3,90,120,0,-9657.49,,,1486,1491
DCE.c.HOT,SHORT,202110112230,2534,202110112250,2532,1,20,30,0,-9637.49,,,1487,1491
DCE.c.HOT,SHORT,202110112240,2533,202110112250,2532,1,10,20,-10,-9627.49,,,1489,1491
DCE.c.HOT,LONG,202110112250,2532,202110112255,2534,3,60,60,0,-9573.54,,,1491,1492
DCE.c.HOT,LONG,202110112250,2532,202110120905,2533,2,20,100,0,-9553.54,,,1491,1494
DCE.cs.HOT,LONG,202110112205,2966,202110120925,2993,4,1080,1160,-360,-8479.59,,,1482,1498
DCE.cs.HOT,LONG,202110112210,2963,202110120925,2993,1,300,320,-60,-8179.59,,,1483,1498
DCE.cs.HOT,SHORT,202110120925,2993,202110120930,2989,1,40,60,-40,-8141.1,,,1498,1499
DCE.m.HOT,LONG,202110112225,3319,202110120935,3286,4,-1320,0,-2360,-9467.14,,,1486,1500
DCE.cs.HOT,LONG,202110120930,2989,202110120935,2989,4,0,640,-40,-9467.14,,,1499,1500
DCE.m.HOT,LONG,202110112225,3319,202110120940,3281,1,-380,0,-2950,-9850.16,,,1486,1501
DCE.cs.HOT,SHORT,202110120935,2989,202110120940,2986,2,60,80,-60,-9791.67,,,1500,1501
DCE.m.HOT,SHORT,202110120940,3281,202110120950,3295,1,-140,0,-160,-9945.26,,,1501,1503
DCE.m.HOT,SHORT,202110120945,3294,202110120950,3295,4,-40,240,-120,-9985.26,,,1502,1503
DCE.m.HOT,LONG,202110120950,3295,202110121005,3309,2,280,340,-20,-9712.81,,,1503,1506
DCE.c.HOT,LONG,202110120910,2538,202110121005,2538,5,0,800,-250,-9712.81,,,1495,1506
DCE.cs.HOT,LONG,202110120940,2986,202110121005,2986,2,0,20,-300,-9717.65,,,1501,1506
DCE.m.HOT,LONG,202110120950,3295,202110121010,3308,3,390,850,-50,-9327.65,,,1503,1507
DCE.c.HOT,SHORT,202110121005,2538,202110121010,2537,2,20,60,-20,-9313.69,,,1506,1507
DCE.cs.HOT,LONG,202110120940,2986,202110121010,2977,2,-180,40,-600,-9493.69,,,1501,1507
DCE.cs.HOT,LONG,202110120945,2982,202110121010,2977,1,-50,50,-110,-9543.69,,,1502,1507
DCE.m.HOT,SHORT,202110121010,3308,202110121050,3295,4,520,560,-280,-9036.38,,,1507,1512
DCE.m.HOT,SHORT,202110121015,3310,202110121050,3295,1,150,160,-50,-8886.38,,,1508,1512
DCE.m.HOT,LONG,202110121050,3295,202110121055,3302,2,140,180,-20,-8749.4,,,1512,1513
DCE.c.HOT,SHORT,202110121005,2538,202110121055,2533,2,100,120,-40,-8652.42,,,1506,1513
DCE.cs.HOT,SHORT,202110121010,2977,202110121055,2983,1,-60,20,-100,-8712.42,,,1507,1513
DCE.m.HOT,SHORT,202110121055,3302,202110121100,3303,1,-10,0,-40,-8722.42,,,1513,1514
DCE.m.HOT,SHORT,202110121055,3302,202110121105,3303,1,-10,0,-80,-8734.84,,,1513,1515
DCE.cs.HOT,SHORT,202110121010,2977,202110121105,2983,1,-60,25,-125,-8802.39,,,1507,1515
DCE.m.HOT,LONG,202110121105,3303,202110121110,3300,5,-150,100,-200,-8952.39,,,1515,1516
DCE.m.HOT,SHORT,202110121110,3300,202110121115,3301,1,-10,30,-20,-8968.43,,,1516,1517
DCE.c.HOT,SHORT,202110121015,2534,202110121115,2531,1,30,30,-30,-8938.43,,,1508,1517
DCE.cs.HOT,SHORT,202110121010,2977,202110121115,2981,3,-120,100,-500,-9058.43,,,1507,1517
DCE.c.HOT,SHORT,202110121015,2534,202110121350,2541,1,-70,60,-90,-9140.21,,,1508,1524
DCE.c.HOT,SHORT,202110121040,2536,202110121350,2541,1,-50,50,-70,-9190.21,,,1510,1524
DCE.c.HOT,SHORT,202110121100,2535,202110121350,2541,2,-120,80,-160,-9310.21,,,1514,1524
DCE.c.HOT,SHORT,202110121120,2534,202110121350,2541,1,-70,10,-90,-9380.21,,,1518,1524
DCE.cs.HOT,LONG,202110121115,2981,202110121400,2987,1,60,140,-20,-9326.26,,,1517,1526
DCE.cs.HOT,LONG,202110121120,2984,202110121400,2987,4,120,440,-40,-9206.26,,,1518,1526
DCE.cs.HOT,SHORT,202110121400,2987,202110121405,2989,2,-40,0,-60,-9249.28,,,1526,1527
DCE.cs.HOT,LONG,202110121405,2989,202110121500,2993,5,200,150,-550,-9056.83,,,1527,1538
DCE.cs.HOT,SHORT,202110121500,2993,202110122105,3001,2,-160,80,-40,-9222.87,,,1538,1539
DCE.cs.HOT,LONG,202110122105,3001,202110122115,3060,5,2950,3450,0,-6280.42,,,1539,1541
DCE.cs.HOT,SHORT,202110122115,3060,202110122120,3065,5,-250,150,-600,-6537.97,,,1541,1542
DCE.cs.HOT,LONG,202110122120,3065,202110122240,3062,2,-60,560,-240,-6605.52,,,1542,1558
DCE.m.HOT,SHORT,202110121110,3300,202110122245,3268,1,320,330,-60,-6287.03,,,1516,1559
DCE.cs.HOT,LONG,202110122120,3065,202110122245,3066,3,30,1400,-600,-6257.03,,,1542,1559
DCE.cs.HOT,SHORT,202110122245,3066,202110122250,3062,3,120,180,0,-6146.09,,,1559,1560
DCE.cs.HOT,SHORT,202110122245,3066,202110122255,3064,2,40,300,0,-6106.09,,,1559,1561
DCE.cs.HOT,LONG,202110122255,3064,202110130925,3041,5,-1150,0,-1550,-7263.64,,,1561,1567
DCE.m.HOT,SHORT,202110121110,3300,202110130955,3262,2,760,1040,-180,-6514.21,,,1516,1573
DCE.m.HOT,SHORT,202110121120,3304,202110130955,3262,2,840,1120,-40,-5677.23,,,1518,1573
DCE.m.HOT,SHORT,202110122250,3273,202110130955,3262,1,110,250,-50,-5567.23,,,1560,1573
DCE.cs.HOT,SHORT,202110130925,3041,202110130955,3034,5,350,850,-50,-5220.25,,,1567,1573
DCE.c.HOT,LONG,202110121350,2541,202110131035,2544,1,30,420,-70,-5203.54,,,1524,1578
DCE.c.HOT,LONG,202110121355,2541,202110131040,2529,2,-240,840,-420,-5445.96,,,1525,1579
DCE.c.HOT,LONG,202110121400,2539,202110131040,2529,2,-200,880,-380,-5648.38,,,1526,1579
DCE.c.HOT,SHORT,202110131040,2529,202110131045,2538,2,-180,20,-280,-5830.8,,,1579,1580
DCE.c.HOT,LONG,202110131045,2538,202110131125,2552,4,560,600,0,-5276.85,,,1580,1588
DCE.c.HOT,LONG,202110131045,2538,202110131130,2547,1,90,750,0,-5186.85,,,1580,1589
